Year,Name,AcresBurned,Fire Size Rank,Cause,SOURCE_REPORTING_UNIT_NAME,DaysBurn,Discovery Month,Discovered DOY,Contained Month,Contained DOY,Latitude,Longitude,County,CountyIds,State,OWNER_DESCR,NOAA Station
2016,Soberanes Fire,132127.0,G,,,83.0,Jul,,Oct,287.0,36.45994,-121.89938,Monterey,27,CA,,USW00023259
2016,Erskine Fire,48019.0,G,,,18.0,Jun,,Jul,193.0,35.6115,-118.45628,Kern,15,CA,,USW00023155
2016,Chimney Fire,46344.0,G,,,24.0,Aug,,Sep,250.0,35.70595,-120.98316,San Luis Obispo,40,CA,,USW00093209
2016,Blue Cut Fire,36274.0,G,,,7.0,Aug,,Aug,236.0,34.30372,-117.49342,San Bernardino,36,CA,,USW00003102
2016,Gap Fire,33867.0,G,,,1.0,Aug,,Aug,241.0,41.851,-123.118,Siskiyou,47,CA,,USW00024283
2016,Rey Fire ,32606.0,G,,,28.0,Aug,,Sep,259.0,0.0,0.0,Santa Barbara,42,CA,,USW00023154
2016,Cedar Fire,29322.0,G,,,46.0,Aug,,Oct,275.0,35.7506,-118.5678,Kern,15,CA,,USW00023155
2016,Canyon Fire,12518.0,G,,,10.0,Sep,,Sep,271.0,34.63445,-120.54421,Santa Barbara,42,CA,,USW00023273
2016,Pilot Fire,8110.0,G,,,9.0,Aug,,Aug,229.0,34.28771,-117.27338,San Bernardino,36,CA,,USW00003102
2016,Border Fire,7609.0,G,,,11.0,Jun,,Jun,182.0,32.60729,-116.63028,San Diego,37,CA,,USW00003164
2016,Sherpa Fire,7474.0,G,,,27.0,Jun,,Jul,194.0,34.776,-119.643,Santa Barbara,42,CA,,USW00023190
2016,Mineral Fire,7050.0,G,,,9.0,Aug,,Aug,231.0,36.09974,-120.51057,Fresno,10,CA,,USW00093209
2016,Cold Fire,5731.0,G,,,10.0,Aug,,Aug,225.0,38.52513,-122.06788,Yolo,57,CA,,USW00093241
2016,Trailhead Fire,5646.0,G,,,20.0,Jun,,Jul,200.0,38.96741,-120.9375,El Dorado,"9,31",CA,,USW00023225
2016,Trailhead Fire,5646.0,G,,,20.0,Jun,,Jul,200.0,38.96741,-120.9375,Placer,"9,31",CA,,USW00023225
2016,Owens River Fire,5443.0,G,,,1.0,Sep,,Sep,262.0,37.75985,-118.95309,Inyo,14,CA,,USW00023157
2016,San Gabriel Complex (Formerly Fish & Reservoir Fires),5399.0,G,,,59.0,Jun,,Apr,113.0,0.0,0.0,Los Angeles,19,CA,,USW00023154
2016,Loma Fire,4474.0,F,,,8.0,Sep,,Sep,262.0,37.10632,-121.85318,Santa Clara,43,CA,,USW00023277
2016,Meadow Fire,4347.0,F,,,51.0,Oct,,Dec,354.0,35.984,-118.551,Tulare,54,CA,,USW00023155
2016,Clayton Fire,3929.0,F,,,13.0,Aug,,Aug,239.0,38.89741,-122.60664,Lake,17,CA,,USW00023213
2016,Metz Fire,3876.0,F,,,3.0,May,,May,146.0,36.38123,-121.20059,Monterey,27,CA,,USW00023233
2016,Roberts Fire,3712.0,F,,,2.0,May,,May,141.0,0.0,0.0,San Luis Obispo,40,CA,,USW00023154
2016,Curry Fire,2944.0,F,,,4.0,Jul,,Jul,187.0,36.0749,-120.452041,Fresno,10,CA,,USW00093209
2016,Pony Fire,2860.0,F,,,154.0,Jun,,Nov,313.0,41.623,-123.557,Siskiyou,47,CA,,USW00024283
2016,Clark Fire,2819.0,F,,,3.0,Aug,,Aug,220.0,0.0,0.0,Mono,26,CA,,USW00023154
2016,Soup Complex,2652.0,F,,,26.0,Sep,,Oct,287.0,41.2649,-120.3178,Modoc,25,CA,,USW00024257
2016,Willard Fire,2575.0,F,,,11.0,Sep,,Sep,266.0,40.3915,-120.7845,Lassen,18,CA,,USW00023225
2016,Coleman Fire,2520.0,F,,,16.0,Jun,,Jun,172.0,36.01542,-121.25029,Monterey,27,CA,,USW00093209
2016,Goose Fire,2241.0,F,,,10.0,Jul,,Aug,222.0,37.01591,-119.50507,Fresno,10,CA,,USW00093193
2016,Sacata Fire,2100.0,F,,,9.0,Oct,,Oct,294.0,36.94536,-119.25959,Fresno,10,CA,,USW00093193
2016,Deer Fire,1785.0,F,,,7.0,Jul,,Jul,190.0,35.20993,-118.72272,Kern,15,CA,,USW00023155
2016,Sawmill Fire,1547.0,F,,,4.0,Sep,,Sep,273.0,38.80017,-122.82895,Sonoma,49,CA,,USW00023213
2016,Bogart Fire,1470.0,F,,,3.0,Aug,,Sep,246.0,0.0,0.0,Riverside,33,CA,,USW00023154
2016,Dinosaur Fire,1246.0,F,,,1.0,Jun,,Jun,178.0,37.07147,-121.20155,Merced,24,CA,,USW00023277
2016,Roblar Fire,1245.0,F,,,9.0,Jul,,Jul,212.0,33.393,-117.35093,San Diego,37,CA,,USW00003154
2016,Sage Fire,1109.0,F,,,7.0,Jul,,Jul,198.0,34.36763,-118.57245,Los Angeles,19,CA,,USW00023130
2016,Marshes Fire,1080.0,F,,,8.0,Sep,,Oct,278.0,37.79635,-120.32484,Tuolumne,55,CA,,USW00023258
2016,Saddle Fire,850.0,E,,,7.0,Sep,,Sep,256.0,39.6871,-121.571,Butte,4,CA,,USW00093205
2016,Grade Fire,710.0,E,,,6.0,Aug,,Aug,243.0,41.7813,-122.611,Siskiyou,47,CA,,USW00024257
2016,Marina Fire,650.0,E,,,14.0,Jun,,Jul,191.0,37.97,-119.14,Mono,26,CA,,USW00023157
2016,Tully Fire,599.0,E,,,13.0,Aug,,Sep,248.0,41.28486,-123.82268,Humboldt,12,CA,,USW00024283
2016,Fort Fire,554.0,E,,,2.0,Jul,,Jul,192.0,34.913,118.9082,Kern,15,CA,,USW00024283
2016,99 Fire,550.0,E,,,1.0,Aug,,Aug,216.0,39.6708,-121.7192,Butte,4,CA,,USW00093205
2016,Range Fire,518.0,E,,,3.0,Aug,,Aug,242.0,35.2013,-118.7212,Kern,15,CA,,USW00023155
2016,Colyear Fire,464.0,E,,,4.0,Jun,,Jul,186.0,40.0353,-122.56939,Tehama,52,CA,,USW00024216
2016,Willow Fire,450.0,E,,,3.0,Aug,,Aug,244.0,38.1874,-120.6381,Calaveras,5,CA,,USW00023237
2016,Fiddler Fire,441.0,E,,,4.0,Jul,,Jul,194.0,40.36873,-122.72913,Shasta,45,CA,,USW00024257
2016,Tule Fire,395.0,E,,,78.0,Aug,,Nov,313.0,36.1648,-118.73906,Tulare,54,CA,,USW00053119
2016,Howard Fire,380.0,E,,,3.0,Sep,,Sep,258.0,41.4657,-120.9066,Modoc,25,CA,,USW00024257
2016,Rancho Fire,372.0,E,,,1.0,Jun,,Jun,181.0,38.385,-121.003611,Amador,3,CA,,USW00023232
2016,Pacheco Fire,341.0,E,,,4.0,Jul,,Jul,198.0,38.08056,-120.81394,Calaveras,5,CA,,USW00023237
2016,Appaloosa Fire,310.0,E,,,6.0,Jul,,Jul,190.0,38.02845,-120.61153,Calaveras,5,CA,,USW00023258
2016,Flat Fire,306.0,E,,,2.0,Sep,,Sep,265.0,0.0,0.0,Kern,15,CA,,USW00023154
2016,Creek Fire,277.0,D,,,1.0,Jun,,Jun,179.0,38.69971,-122.15457,Yolo,57,CA,,USW00093241
2016,Tobin Fire,248.0,D,,,10.0,Sep,,Oct,280.0,39.92,-121.32,Plumas,32,CA,,USW00024216
2016,King Fire ,237.0,D,,,3.0,Jun,,Jun,172.0,0.0,0.0,San Benito,35,CA,,USW00023154
2016,Onyx Fire,221.0,D,,,1.0,Jul,,Jul,196.0,35.68313,-118.21793,Kern,15,CA,,USW00093104
2016,Washington Fire,215.0,D,,,5.0,Sep,,Sep,271.0,34.75134,-120.55297,Santa Barbara,42,CA,,USW00023273
2016,Reservoir Fire,215.0,D,,,2.0,Jun,,Jun,180.0,39.12366,-122.50373,Lake,17,CA,,USW00023275
2016,Grant Fire,211.0,D,,,1.0,Jun,,Jun,178.0,37.74369,-121.58677,Alameda,1,CA,,USW00023285
2016,Camanche Fire,210.0,D,,,4.0,Jun,,Jun,173.0,38.26874,-120.90265,Amador,3,CA,,USW00023237
2016,Big Fire,188.0,D,,,2.0,Jul,,Jul,195.0,36.92244,-119.39619,Fresno,10,CA,,USW00093193
2016,Emerald Fire,176.0,D,,,3.0,Oct,,Oct,291.0,38.93449,-120.10744,El Dorado,9,CA,,USW00093230
2016,Briggs Fire,173.0,D,,,3.0,Jul,,Jul,197.0,0.0,0.0,Riverside,33,CA,,USW00023154
2016,Athens Fire,169.0,D,,,2.0,May,,May,140.0,38.8390117,-121.3090268,Placer,31,CA,,USW00093205
2016,Sunny Fire,158.0,D,,,3.0,Sep,,Sep,250.0,36.84479,-119.34487,Fresno,10,CA,,USW00093193
2016,Wheatland Fire,156.0,D,,,2.0,May,,May,146.0,34.276,-118.354,Los Angeles,19,CA,,USW00023152
2016,Hills Fire,151.0,D,,,1.0,Apr,,Apr,120.0,0.0,0.0,Fresno,10,CA,,USW00023154
2016,Old Fire,150.0,D,,,4.0,Sep,,Sep,261.0,37.75972,-120.029626,Del Norte,8,CA,,USW00023257
2016,Holy Fire,150.0,D,,,5.0,Aug,,Sep,249.0,33.6542,-117.5221,Orange,30,CA,,USW00093184
2016,Frame Fire,145.0,D,,,3.0,Jul,,Jul,189.0,36.14161,-120.62048,Fresno,10,CA,,USW00093209
2016,Temecula Fire,139.0,D,,,3.0,Jun,,Jun,159.0,33.476894,-117.140883,Riverside,33,CA,,USW00003154
2016,Famoso Fire,138.0,D,,,1.0,Jul,,Jul,198.0,35.60748,-118.94811,Kern,15,CA,,USW00023155
2016,Avocado Fire,132.0,D,,,2.0,May,,May,138.0,36.78769,-119.38248,Fresno,10,CA,,USW00093193
2016,Bangor Fire,130.0,D,,,1.0,Sep,,Sep,267.0,39.4403,-121.42647,Butte,4,CA,,USW00093205
2016,Green Fire,123.0,D,,,1.0,Jul,,Jul,198.0,37.0099,-119.5792,Fresno,10,CA,,USW00093193
2016,Rock Creek Fire,122.0,D,,,2.0,Aug,,Aug,220.0,0.0,0.0,Mono,26,CA,,USW00023154
2016,Coe Fire,120.0,D,,,2.0,Jun,,Jun,161.0,37.17072,-121.42238,Stanislaus,50,CA,,USW00023277
2016,Sierra Fire,114.0,D,,,1.0,Jul,,Jul,213.0,37.41896,-121.79669,Santa Clara,43,CA,,USW00023293
2016,Broken Fire,103.0,D,,,2.0,Jul,,Jul,188.0,37.25601,-119.65776,Madera,20,CA,,USW00093242
2016,Bailey Fire,100.0,D,,,1.0,Aug,,Aug,231.0,0.0,0.0,Santa Clara,43,CA,,USW00023154
2016,Hart Fire,100.0,D,,,3.0,Aug,,Aug,220.0,35.24504,-118.60344,Kern,15,CA,,USW00023155
2016,Diablo Fire,100.0,D,,,1.0,Aug,,Aug,217.0,0.0,0.0,Stanislaus,50,CA,,USW00023154
2016,Bradley Fire,100.0,D,,,1.0,Jul,,Jul,205.0,35.85093,-120.81081,Monterey,27,CA,,USW00093209
2016,Feather Fire,100.0,D,,,2.0,Jul,,Jul,202.0,32.9612,-116.7945,San Diego,37,CA,,USW00053120
2016,Santos Fire,88.0,C,,,4.0,Aug,,Aug,243.0,39.79547,-121.71662,Butte,4,CA,,USW00024216
2016,Scott Fire,87.0,C,,,1.0,Jul,,Jul,193.0,38.517772,-121.103642,Sacramento,34,CA,,USW00023232
2016,Frazier Fire,86.0,C,,,2.0,Jun,,Jun,181.0,35.70821,-120.82266,San Luis Obispo,40,CA,,USW00093209
2016,Grub Fire,85.0,C,,,2.0,Aug,,Aug,219.0,37.3228,-119.7738,Madera,20,CA,,USW00093242
2016,Tulloch Fire,85.0,C,,,2.0,May,,Jun,153.0,37.927613,-120.528836,Tuolumne,55,CA,,USW00023258
2016,Cheyenne Fire,83.0,C,,,1.0,Jun,,Jun,168.0,0.0,0.0,Calaveras,5,CA,,USW00023154
2016,Baker Fire,80.0,C,,,1.0,Aug,,Aug,217.0,40.19611,-122.26736,Tehama,52,CA,,USW00024216
2016,Serpa Fire,80.0,C,,,4.0,Jul,,Jul,207.0,0.0,0.0,Madera,20,CA,,USW00023154
2016,Sherwood Fire,78.0,C,,,2.0,Jul,,Jul,197.0,36.92244,-119.39619,Ventura,56,CA,,USW00093193
2016,Lake Fire,75.0,C,,,2.0,Sep,,Sep,256.0,40.68192,-122.4096,Shasta,45,CA,,USW00024257
2016,Newmark Fire,70.0,C,,,1.0,Sep,,Sep,268.0,36.6543,-119.5327,Fresno,10,CA,,USW00093193
2016,Arroyo Fire,70.0,C,,,2.0,Jun,,Jun,172.0,36.2833,-121.3306,Monterey,27,CA,,USW00023233
2016,Pala Fire,70.0,C,,,7.0,May,,Jun,159.0,33.41639,-117.08829,San Diego,37,CA,,USW00003154
2016,Foothill Fire,69.0,C,,,3.0,Jul,,Jul,204.0,39.0863,-122.7891,Lake,17,CA,,USW00023275
2016,Creek Fire,65.0,C,,,2.0,Oct,,Oct,286.0,38.40958,-122.43172,Napa,28,CA,,USW00093227
2016,Cotton Fire,61.0,C,,,1.0,Jun,,Jun,164.0,35.77135,-120.251,Kern,15,CA,,USW00093209
2016,Baker Fire,57.0,C,,,1.0,Jul,,Jul,204.0,37.98171,-120.64241,Calaveras,5,CA,,USW00023258
2016,Mill Fire,56.0,C,,,2.0,May,,May,142.0,0.0,0.0,Siskiyou,47,CA,,USW00023154
2016,Lowe Fire,52.0,C,,,1.0,Jun,,Jun,176.0,36.1934,-120.9293,Monterey,27,CA,,USW00093209
2016,Ruff Fire ,50.0,C,,,5.0,Sep,,Sep,259.0,39.7299,-123.5044,Mendocino,23,CA,,USW00023275
2016,Spring Fire,50.0,C,,,2.0,Sep,,Sep,253.0,34.3183,-117.3189,San Bernardino,36,CA,,USW00003102
2016,Storksbill Fire,50.0,C,,,1.0,Jul,,Jul,205.0,38.79549,-121.00299,El Dorado,9,CA,,USW00023232
2016,Casitas Fire,50.0,C,,,2.0,Apr,,Apr,121.0,0.0,0.0,Ventura,56,CA,,USW00023154
2016,Auburn Fire,47.0,C,,,3.0,Sep,,Sep,264.0,39.20427,-121.05948,Nevada,29,CA,,USW00023225
2016,Laguna Fire,47.0,C,,,3.0,Jun,,Jun,181.0,33.57872,-117.77395,Orange,30,CA,,USW00093184
2016,Bell Fire,45.0,C,,,2.0,Sep,,Sep,269.0,38.5212,-120.8416,Amador,3,CA,,USW00023232
2016,Kugelman Fire,45.0,C,,,1.0,Aug,,Aug,223.0,36.09974,-120.51057,Lake,17,CA,,USW00093209
2016,Walker Fire,43.0,C,,,5.0,May,,Jun,156.0,0.0,0.0,Kern,15,CA,,USW00023154
2016,Dockery Fire,42.0,C,,,2.0,Jul,,Aug,214.0,0.0,0.0,Lassen,18,CA,,USW00023154
2016,Boys Fire,40.0,C,,,1.0,Sep,,Sep,256.0,38.558,-121.1309,Sacramento,34,CA,,USW00023232
2016,Evergreen Fire,40.0,C,,,1.0,Aug,,Aug,242.0,0.0,0.0,Riverside,33,CA,,USW00023154
2016,Phoenix Fire,38.0,C,,,114.0,Sep,,Dec,365.0,39.39051,-120.51887,Nevada,29,CA,,USW00023225
2016,Fork Fire,38.0,C,,,2.0,Jul,,Jul,213.0,37.24006,-119.4741,Madera,20,CA,,USW00093193
2016,Mina Fire,36.0,C,,,1.0,Aug,,Aug,244.0,39.8748511,-123.4267011,Mendocino,23,CA,,USW00023275
2016,Knoxville Fire,36.0,C,,,1.0,Aug,,Aug,223.0,38.68403,-122.26015,Lake,17,CA,,USW00093241
2016,Gopher Fire,35.0,C,,,1.0,Aug,,Aug,224.0,33.22558,-117.14547,San Diego,37,CA,,USW00003177
2016,Mountain Fire,35.0,C,,,1.0,Aug,,Aug,223.0,40.61213,-122.47091,Shasta,45,CA,,USW00024257
2016,Neal Fire,35.0,C,,,1.0,Jul,,Jul,211.0,0.0,0.0,Butte,4,CA,,USW00023154
2016,Stagecoach Fire,35.0,C,,,1.0,Jul,,Jul,195.0,37.96311,-120.67335,Calaveras,5,CA,,USW00023258
2016,Campo Fire,33.0,C,,,3.0,Jun,,Jun,182.0,38.22017,-120.8678,Calaveras,5,CA,,USW00023237
2016,Moffett Fire,32.0,C,,,1.0,Sep,,Sep,257.0,41.6314,-122.7933,Siskiyou,47,CA,,USW00024257
2016,Frymire Fire,32.0,C,,,2.0,Jul,,Aug,214.0,37.81434,-120.69521,Tuolumne,55,CA,,USW00023258
2016,Old Fire,30.0,C,,,3.0,Sep,,Sep,263.0,39.8851,-121.6998,Butte,4,CA,,USW00024216
2016,Lone Pine Fire,30.0,C,,,1.0,Jul,,Jul,184.0,36.58972,-118.15589,Inyo,14,CA,,USW00023157
2016,Gopher Fire,28.0,C,,,1.0,Nov,,Nov,319.0,33.254355,-117.158475,San Diego,37,CA,,USW00003177
2016,Rock Fire,28.0,C,,,2.0,Jul,,Jul,206.0,33.00056,-116.9571,San Diego,37,CA,,USW00053120
2016,Deer Fire,26.0,C,,,1.0,Aug,,Aug,219.0,38.2581,-120.8657,Amador,3,CA,,USW00023237
2016,Bailey Fire,26.0,C,,,1.0,Jul,,Jul,202.0,41.96191,-122.59328,Siskiyou,47,CA,,USW00024257
2016,Oak Fire,25.0,C,,,1.0,Sep,,Sep,246.0,37.11831,-121.69784,Santa Clara,43,CA,,USW00023277
2016,Oak Fire,25.0,C,,,2.0,Aug,,Aug,227.0,37.06531,-121.68577,Santa Clara,43,CA,,USW00023277
2016,Alder Fire,25.0,C,,,1.0,Aug,,Aug,220.0,0.0,0.0,El Dorado,9,CA,,USW00023154
2016,North Branch Extension Fire,25.0,C,,,2.0,Jul,,Jul,213.0,0.0,0.0,Lake,17,CA,,USW00023154
2016,Aukum Fire,25.0,C,,,1.0,Jun,,Jun,156.0,38.64107,-120.6955,El Dorado,9,CA,,USW00093230
2016,Keswick Fire,24.0,C,,,1.0,Jun,,Jun,164.0,40.61388,-122.46777,Shasta,45,CA,,USW00024257
2016,Stafford Fire,23.0,C,,,5.0,Aug,,Aug,229.0,40.4572,-124.05804,Humboldt,12,CA,,USW00024213
2016,Table Fire,23.0,C,,,1.0,Jul,,Jul,204.0,41.71847,-122.36924,Siskiyou,47,CA,,USW00024257
2016,Summit Fire,21.0,C,,,7.0,Aug,,Aug,232.0,40.9878,-123.77832,Humboldt,12,CA,,USW00024283
2016,Ken Fire,20.0,C,,,1.0,Sep,,Sep,248.0,34.25858,-117.4415,San Bernardino,36,CA,,USW00003102
2016,Mockingbird Fire,20.0,C,,,1.0,Aug,,Aug,244.0,39.1408865,-122.9148951,Lake,17,CA,,USW00023275
2016,Edison Fire,20.0,C,,,1.0,May,,May,134.0,0.0,0.0,Ventura,56,CA,,USW00023154
2016,Willow Fire,19.0,C,,,1.0,Aug,,Aug,244.0,0.0,0.0,Amador,3,CA,,USW00023154
2016,Shelter Fire,15.0,C,,,1.0,Jul,,Jul,194.0,33.11645,-116.58542,Ventura,56,CA,,USW00053120
2016,Collier Fire,11.0,C,,,1.0,Jul,,Jul,208.0,0.0,0.0,Tehama,52,CA,,USW00023154
2016,Jacobson Fire,10.0,C,,,60.0,Oct,,Dec,354.0,36.217,-118.551,Tulare,54,CA,,USW00093104
2016,Mokelumne Fire,0.0,A,,,12.0,Aug,,Aug,243.0,38.57554,-120.00606,Alpine,2,CA,,USW00093230
2016,Sand Fire,0.0,A,,,18.0,Jul,,Aug,222.0,0.0,0.0,Los Angeles,19,CA,,USW00023154
2016,Soda Fire,0.0,A,,,15.0,Jun,,Jun,171.0,35.01382,-119.58206,San Luis Obispo,40,CA,,USW00023155
2016,Old Fire,0.0,A,,,9.0,Jun,,Jun,165.0,0.0,0.0,Los Angeles,19,CA,,USW00023154
2016,Chimney Fire,0.0,A,,,18.0,Jun,,Jun,171.0,35.84883,-118.08591,Tulare,54,CA,,USW00093104
2017,Thomas Fire,281893.0,G,,,265.0,Dec,,Mar,73.0,34.41521,-119.09124,Santa Barbara,"42,56",CA,,USW00023136
2017,Thomas Fire,281893.0,G,,,265.0,Dec,,Mar,73.0,34.41521,-119.09124,Ventura,"42,56",CA,,USW00023136
2017,Long Valley Fire,83733.0,G,,,183.0,Jul,,Jan,9.0,40.07045,-120.14013,Lassen,18,CA,,USW00023185
2017,Modoc July Complex,83120.0,G,,,196.0,Jul,,Jan,9.0,0.0,0.0,Modoc,25,CA,,USW00023154
2017,Detwiler Fire,81826.0,G,,,188.0,Jul,,Jan,9.0,37.61757,-120.21321,Mariposa,22,CA,,USW00023257
2017,Eclipse Complex,78698.0,G,,,218.0,Aug,,Jan,9.0,41.841,-123.474,Siskiyou,47,CA,,USW00024283
2017,Nuns / Adobe / Norrbom/ Pressley / Partrick Fires / Oakmont (Central LNU Complex),56556.0,G,,,241.0,Oct,,Feb,40.0,38.4041,-122.5209,Napa,"28,49",CA,,USW00023213
2017,Nuns / Adobe / Norrbom/ Pressley / Partrick Fires / Oakmont (Central LNU Complex),56556.0,G,,,241.0,Oct,,Feb,40.0,38.4041,-122.5209,Sonoma,"28,49",CA,,USW00023213
2017,Atlas Fire (Southern LNU Complex),51624.0,G,,,241.0,Oct,,Feb,40.0,38.39206,-122.24367,Napa,"28,48",CA,,USW00093227
2017,Atlas Fire (Southern LNU Complex),51624.0,G,,,241.0,Oct,,Feb,40.0,38.39206,-122.24367,Solano,"28,48",CA,,USW00093227
2017,Garza Fire,48889.0,G,,,181.0,Jul,,Jan,9.0,35.93273,-120.20014,Kings,16,CA,,USW00093209
2017,Miller Complex,39715.0,G,,,217.0,Aug,,Jan,9.0,42.039,-123.218,Siskiyou,47,CA,,USW00024283
2017,Tubbs Fire (Central LNU Complex),36807.0,G,,,241.0,Oct,,Feb,40.0,38.60895,-122.62879,Napa,"28,49",CA,,USW00023213
2017,Tubbs Fire (Central LNU Complex),36807.0,G,,,241.0,Oct,,Feb,40.0,38.60895,-122.62879,Sonoma,"28,49",CA,,USW00023213
2017,Pier Fire,36556.0,G,,,232.0,Aug,,Jan,9.0,36.15356,-118.74103,Tulare,54,CA,,USW00053119
2017,Redwood Valley Fire (Mendocino Lake Complex),36523.0,G,,,241.0,Oct,,Feb,40.0,39.24873,-123.16635,Mendocino,23,CA,,USW00023275
2017,Alamo Fire,28687.0,G,,,178.0,Jul,,Jan,9.0,35.0179,-120.3223,San Luis Obispo,40,CA,,USW00023273
2017,Orleans Complex,27276.0,G,,,198.0,Jul,,Jan,9.0,41.59,-123.501,Siskiyou,47,CA,,USW00024283
2017,Helena - Fork Fire,21846.0,G,,,233.0,Aug,,Jan,9.0,40.76025,-123.10003,Trinity,53,CA,,USW00024257
2017,Lion Fire,18900.0,G,,,261.0,Sep,,Jan,9.0,36.27138,-118.48555,Tulare,54,CA,,USW00093104
2017,R-4 Fire,18618.0,G,,,233.0,Aug,,Jan,9.0,40.69573,-119.93499,Lassen,18,CA,,USW00024172
2017,Whittier Fire,18430.0,G,,,180.0,Jul,,Jan,9.0,34.55096,-119.9494,Santa Barbara,42,CA,,USW00023190
2017,Pocket Fire (Central LNU Complex),17357.0,G,,,242.0,Oct,,Feb,40.0,38.76549,-122.90939,Sonoma,49,CA,,USW00023213
2017,Schaeffer Fire,16031.0,G,,,166.0,Jun,,Jan,9.0,0.0,0.0,Tulare,54,CA,,USW00023154
2017,Creek Fire,15619.0,G,,,121.0,Dec,,Aug,218.0,34.31283,-118.35863,Los Angeles,19,CA,,USW00023152
2017,Buck Fire,13417.0,G,,,246.0,Sep,,Jan,9.0,40.2275,-123.03583,Trinity,53,CA,,USW00024216
2017,Railroad Fire,12407.0,G,,,232.0,Aug,,Jan,9.0,37.44663,-119.64622,Madera,20,CA,,USW00093242
2017,Elm Fire,10343.0,G,,,129.0,May,,Jan,9.0,36.12089,-120.37116,Fresno,10,CA,,USW00023110
2017,Cascade Fire (Wind Complex),9989.0,G,,,241.0,Oct,,Feb,40.0,39.32198,-121.4021,Yuba,58,CA,,USW00093205
2017,Canyon 2 Fire,9217.0,G,,,187.0,Oct,,Apr,95.0,33.87041,-117.70975,Orange,30,CA,,USW00003179
2017,Slinkard Fire,8925.0,G,,,232.0,Aug,,Jan,9.0,38.655,-119.55425,Mono,26,CA,,USW00093230
2017,Cherokee Fire,8417.0,G,,,241.0,Oct,,Feb,40.0,39.62496,-121.52966,Butte,4,CA,,USW00093205
2017,Empire Fire,8094.0,G,,,204.0,Aug,,Jan,9.0,37.644,-119.618,Mariposa,22,CA,,USW00093242
2017,Parker 2 Fire,7697.0,G,,,206.0,Aug,,Jan,9.0,41.466,-120.321,Modoc,25,CA,,USW00024257
2017,La Tuna Fire ,7194.0,G,,,235.0,Sep,,Jan,9.0,34.22957,-118.2674,Los Angeles,19,CA,,USW00023152
2017,South Fork Fire,7000.0,G,,,217.0,Aug,,Jan,9.0,37.538,-119.598,Mariposa,22,CA,,USW00093242
2017,Manzanita Fire,6309.0,G,,,168.0,Jun,,Jan,9.0,33.530045,-116.594422,Riverside,33,CA,,USW00093138
2017,LaPorte Fire (Wind Complex),6151.0,G,,,242.0,Oct,,Feb,40.0,39.39455,-121.40613,Butte,4,CA,,USW00093205
2017,Rye Fire,6049.0,G,,,321.0,Dec,,Jan,18.0,34.45283,-118.58188,Los Angeles,19,CA,,USW00023130
2017,Mud Fire,6042.0,G,,,232.0,Aug,,Jan,9.0,40.43962,-120.22215,Lassen,18,CA,,USW00023185
2017,Wall Fire,6033.0,G,,,179.0,Jul,,Jan,9.0,39.45352,-121.41222,Butte,4,CA,,USW00093205
2017,Jayne Fire,5738.0,G,,,101.0,Apr,,Jan,9.0,36.07228,-120.26561,Fresno,10,CA,,USW00023110
2017,Summit Complex,5247.0,G,,,203.0,Jul,,Jan,9.0,38.329,-119.782,Stanislaus,50,CA,,USW00093230
2017,Ruth Complex,4736.0,F,,,210.0,Aug,,Jan,9.0,40.17598,-123.36882,Trinity,53,CA,,USW00024216
2017,Minerva Fire,4310.0,F,,,201.0,Jul,,Jan,9.0,39.9034,-120.9761,Plumas,32,CA,,USW00023225
2017,Lilac Fire,4100.0,F,,,332.0,Dec,,Jan,9.0,33.3237,-117.163,San Diego,37,CA,,USW00003154
2017,Ponderosa Fire,4016.0,F,,,1.0,Aug,,Aug,242.0,39.57701,-121.30209,Butte,4,CA,,USW00093205
2017,Palmer Fire,3874.0,F,,,236.0,Sep,,Jan,9.0,33.97471,-117.09984,Riverside,33,CA,,USW00003171
2017,Young Fire,3142.0,F,,,210.0,Aug,,Jan,9.0,41.853,-123.676,Siskiyou,47,CA,,USW00024283
2017,Hawk Fire,2940.0,F,,,179.0,Jul,,Jan,9.0,35.77896,-118.89627,Kern,15,CA,,USW00023155
2017,Canyon Fire,2662.0,F,,,181.0,Sep,,Mar,87.0,33.8668,-117.68598,Orange,30,CA,,USW00003179
2017,Eureka Fire,2575.0,F,,,239.0,Sep,,Jan,9.0,39.75312,-120.75485,Plumas,32,CA,,USW00023225
2017,I-5 Fire,2312.0,F,,,227.0,Aug,,Jan,9.0,36.05187,-120.05404,Kings,16,CA,,USW00023110
2017,Indian Fire,2295.0,F,,,205.0,Aug,,Jan,9.0,36.257,-118.296,Tulare,54,CA,,USW00093104
2017,Roadrunner Fire,2289.0,F,,,202.0,Jul,,Jan,9.0,36.0226,-118.94252,Tulare,54,CA,,USW00023155
2017,Winters Fire,2269.0,F,,,178.0,Jul,,Jan,9.0,38.49521,-122.0251,Yolo,57,CA,,USW00093241
2017,Sulphur Fire (Mendocino Lake Complex),2207.0,F,,,241.0,Oct,,Feb,40.0,39.01387,-122.64543,Lake,17,CA,,USW00023275
2017,Gate Fire,2056.0,F,,,131.0,May,,Jan,9.0,32.65597,-116.80527,San Diego,37,CA,,USW00003178
2017,Adobe Fire (Central LNU Complex),1868.0,F,,,273.0,Oct,,Jan,9.0,0.0,0.0,Sonoma,49,CA,,USW00023154
2017,Parkfield Fire,1816.0,F,,,180.0,Jul,,Jan,9.0,35.86949,-120.57894,Monterey,"27,40",CA,,USW00093209
2017,Parkfield Fire,1816.0,F,,,180.0,Jul,,Jan,9.0,35.86949,-120.57894,San Luis Obispo,"27,40",CA,,USW00093209
2017,Wright Fire,1800.0,F,,,123.0,May,,Jan,9.0,36.96655,-120.89261,Merced,24,CA,,USW00023257
2017,Creek Fire,1749.0,F,,,237.0,Sep,,Jan,9.0,38.12,-119.941,Stanislaus,50,CA,,USW00093230
2017,37 Fire,1660.0,F,,,273.0,Oct,,Jan,9.0,38.14242,-122.47301,Sonoma,49,CA,,USW00093227
2017,Park Fire,1649.0,F,,,189.0,Jul,,Jan,9.0,35.95911,-120.55579,Fresno,10,CA,,USW00093209
2017,Quail Fire,1626.0,F,,,178.0,Jul,,Jan,9.0,35.59904,-119.08312,Kern,15,CA,,USW00023155
2017,Hill Fire,1598.0,F,,,168.0,Jun,,Jan,9.0,35.4025,-120.4992,San Luis Obispo,40,CA,,USW00093206
2017,Derrick Fire,1538.0,F,,,174.0,Jul,,Jan,9.0,36.269125,-120.620791,Fresno,10,CA,,USW00023110
2017,Highway Fire,1522.0,F,,,160.0,Jun,,Jan,9.0,35.53456,-118.66733,Kern,15,CA,,USW00023155
2017,Holcomb Fire,1503.0,F,,,161.0,Jun,,Jan,9.0,34.2976,-116.826,San Bernardino,36,CA,,USW00093138
2017,Oakwood Fire,1431.0,F,,,152.0,Jun,,Jan,9.0,37.0825,-119.8011,Madera,20,CA,,USW00093242
2017,Garden Fire,1350.0,F,,,202.0,Jul,,Jan,9.0,35.543,-118.654,Kern,15,CA,,USW00023155
2017,Opera Fire,1350.0,F,,,111.0,Apr,,Jan,9.0,34.00566,-117.30693,Riverside,33,CA,,USW00003171
2017,Caldwell Fire,1319.0,F,,,235.0,Sep,,Jan,9.0,35.76,-118.406,Kern,15,CA,,USW00093104
2017,Latrobe Fire,1286.0,F,,,198.0,Jul,,Jan,9.0,38.5181,-121.104,Sacramento,34,CA,,USW00023232
2017,Tarina Fire ,1200.0,F,,,172.0,Jun,,Jan,9.0,35.38298,-118.80123,Kern,15,CA,,USW00023155
2017,Buffalo Fire,1088.0,F,,,281.0,Oct,,Jan,9.0,33.402411,-117.402445,San Diego,37,CA,,USW00003154
2017,Hudson Fire,1083.0,F,,,190.0,Jul,,Jan,9.0,34.94373,-119.44751,Kern,15,CA,,USW00023155
2017,Blaine Fire,1044.0,F,,,216.0,Aug,,Jan,9.0,33.98212,-117.30819,Riverside,33,CA,,USW00003171
2017,Mission Fire,1035.0,F,,,237.0,Sep,,Jan,9.0,37.21616,-119.48067,Madera,20,CA,,USW00093193
2017,Chilcoot Fire,1020.0,F,,,209.0,Aug,,Jan,9.0,39.75371,-120.1397,Plumas,32,CA,,USW00023185
2017,Range Fire,1000.0,F,,,136.0,May,,Jan,9.0,33.34988,-117.39818,San Diego,37,CA,,USW00003154
2017,Berry Fire,995.0,E,,,246.0,Sep,,Jan,9.0,40.98352,-121.81623,Shasta,45,CA,,USW00024257
2017,El Dorado Fire,976.0,E,,,109.0,Apr,,Jan,9.0,36.530836,-120.206592,Fresno,10,CA,,USW00023110
2017,Grade Fire,900.0,E,,,188.0,Jul,,Jan,9.0,39.30125,-123.28825,Mendocino,23,CA,,USW00023275
2017,Beale Fire,867.0,E,,,223.0,Aug,,Jan,9.0,39.1234,-121.32957,Yuba,58,CA,,USW00093205
2017,Wildomar Fire,866.0,E,,,290.0,Oct,,Jan,9.0,33.60247,-117.34192,Riverside,33,CA,,USW00003154
2017,Poslin Fire,859.0,E,,,209.0,Aug,,Jan,9.0,39.888,-120.066,Lassen,18,CA,,USW00023185
2017,Lobo Fire (Wind Complex),821.0,E,,,242.0,Oct,,Feb,40.0,39.24549,-121.12792,Nevada,29,CA,,USW00023225
2017,Lake Fire,800.0,E,,,159.0,Jun,,Jan,9.0,34.55607,-118.60703,Los Angeles,19,CA,,USW00023187
2017,Yankee Fire,775.0,E,,,214.0,Aug,,Jan,9.0,35.7908,-120.77485,San Luis Obispo,40,CA,,USW00093209
2017,Placerita Fire,760.0,E,,,167.0,Jun,,Jan,9.0,34.37443,-118.49343,Los Angeles,19,CA,,USW00023130
2017,Farad Fire,747.0,E,,,182.0,Jul,,Jan,9.0,39.439722,-120.027222,Sierra,46,CA,,USW00023185
2017,Jacksonville Fire,690.0,E,,,201.0,Jul,,Jan,9.0,37.905545,-120.408135,Tuolumne,55,CA,,USW00023258
2017,Peak Fire,680.0,E,,,237.0,Sep,,Jan,9.0,37.37397,-119.83556,Mariposa,22,CA,,USW00093242
2017,Mart Fire,670.0,E,,,169.0,Jun,,Jan,9.0,34.14575,-117.17813,San Bernardino,36,CA,,USW00003171
2017,Ben Fire,630.0,E,,,170.0,Jun,,Jan,9.0,37.3762,-119.9646,Mariposa,22,CA,,USW00093242
2017,Battle Fire,562.0,E,,,170.0,Jun,,Jan,9.0,41.85763,-121.29581,Modoc,25,CA,,USW00024257
2017,Mias Fire,545.0,E,,,217.0,Aug,,Jan,9.0,33.95036,-116.88066,Riverside,33,CA,,USW00093138
2017,W-2 Fire,530.0,E,,,209.0,Aug,,Jan,9.0,41.11989,-120.74968,Lassen,18,CA,,USW00024257
2017,Ming Fire,506.0,E,,,131.0,May,,Jan,9.0,35.4605,-118.85896,Kern,15,CA,,USW00023155
2017,Deluz Fire,486.0,E,,,130.0,May,,Jan,9.0,33.3906,-117.32348,San Diego,37,CA,,USW00003154
2017,Fay Fire,469.0,E,,,177.0,Jul,,Jan,9.0,41.3975,-122.8428,Siskiyou,47,CA,,USW00024257
2017,Red Fire,460.0,E,,,205.0,Aug,,Jan,9.0,35.40357,-120.28037,San Luis Obispo,40,CA,,USW00093206
2017,Bridge Fire,460.0,E,,,93.0,Jul,,Apr,102.0,34.09773,-117.10567,San Bernardino,36,CA,,USW00003171
2017,Monterey Fire,450.0,E,,,153.0,Jun,,Jan,9.0,36.616986,-120.369347,Fresno,10,CA,,USW00093242
2017,Rucker Fire,444.0,E,,,263.0,Sep,,Jan,9.0,34.67403,-120.4393,Santa Barbara,42,CA,,USW00023273
2017,Eastman Fire,429.0,E,,,252.0,Sep,,Jan,9.0,37.14624,-120.015509,Madera,20,CA,,USW00093242
2017,Table Fire,426.0,E,,,277.0,Oct,,Jan,9.0,38.848,-120.287,El Dorado,9,CA,,USW00093230
2017,Skirball Fire,422.0,E,,,317.0,Dec,,Jan,23.0,34.09454,-118.48178,Los Angeles,19,CA,,USW00093197
2017,Elephant Fire,416.0,E,,,192.0,Jul,,Jan,9.0,36.22265,-119.06598,Tulare,54,CA,,USW00053119
2017,Dode Fire,410.0,E,,,185.0,Jul,,Jan,9.0,41.72163,-121.30451,Modoc,25,CA,,USW00024257
2017,Jennings Fire,400.0,E,,,183.0,Jul,,Jan,9.0,32.84796,-116.85396,San Diego,37,CA,,USW00053120
2017,Sonoma Fire,400.0,E,,,121.0,May,,Jan,9.0,36.45491,-120.2445,Fresno,10,CA,,USW00023110
2017,Pleasant Fire,392.0,E,,,233.0,Aug,,Jan,9.0,39.34292,-121.12004,Nevada,29,CA,,USW00023225
2017,Bear Fire,391.0,E,,,280.0,Oct,,Jan,9.0,37.18356,-122.07012,Santa Cruz,44,CA,,USW00023293
2017,West Fire,380.0,E,,,84.0,Apr,,Jan,9.0,41.16716,-120.58342,Modoc,25,CA,,USW00024257
2017,Chris Fire,370.0,E,,,308.0,Nov,,Jan,9.0,38.46111,-119.48284,Mono,26,CA,,USW00093230
2017,Willow Fire,370.0,E,,,180.0,Jul,,Jan,9.0,38.02929,-122.25544,Contra Costa,7,CA,,USW00023254
2017,Creek Fire,357.0,E,,,165.0,Jun,,Jan,9.0,36.27306,-120.65185,Fresno,10,CA,,USW00023110
2017,Stone Fire,340.0,E,,,181.0,Jul,,Jan,9.0,35.42433,-120.47322,San Luis Obispo,40,CA,,USW00093206
2017,Dinely Fire,339.0,E,,,149.0,Jun,,Jan,9.0,36.45809,-118.87676,Tulare,54,CA,,USW00053119
2017,Rose Fire,338.0,E,,,213.0,Aug,,Jan,9.0,34.92907,-118.9267,Kern,15,CA,,USW00023187
2017,Bryant Fire,325.0,E,,,206.0,Aug,,Jan,9.0,34.08492,-117.03826,San Bernardino,36,CA,,USW00003171
2017,Marble Fire,319.0,E,,,191.0,Jul,,Jan,9.0,41.478,-123.506,Del Norte,8,CA,,USW00024283
2017,Liberty Fire,300.0,E,,,332.0,Dec,,Jan,9.0,33.59257,-117.14979,Riverside,33,CA,,USW00003154
2017,Bravo Fire,288.0,D,,,126.0,May,,Jan,9.0,35.41283,-118.84466,Kern,15,CA,,USW00023155
2017,Little Mountain Fire,260.0,D,,,330.0,Dec,,Jan,9.0,34.16564,-117.33334,San Bernardino,36,CA,,USW00003171
2017,Lost Fire,255.0,D,,,101.0,Jul,,Apr,102.0,33.34659,-116.66107,San Diego,37,CA,,USW00053120
2017,Huasna Fire,245.0,D,,,254.0,Sep,,Jan,9.0,35.12269,-120.39387,San Luis Obispo,40,CA,,USW00023273
2017,Murphy Fire,237.0,D,,,253.0,Sep,,Jan,9.0,36.24653,-120.31598,Fresno,10,CA,,USW00023110
2017,Largo Fire,236.0,D,,,202.0,Jul,,Jan,9.0,38.538332,-121.039267,El Dorado,9,CA,,USW00023232
2017,Deer Complex,231.0,D,,,180.0,Jul,,Jan,9.0,37.87808,-121.78677,Contra Costa,7,CA,,USW00023285
2017,Spring Fire,225.0,D,,,174.0,Jul,,Jan,9.0,37.4591,-119.921,Mariposa,22,CA,,USW00093242
2017,Camp Fire,225.0,D,,,129.0,May,,Jan,9.0,35.34541,-120.76464,San Luis Obispo,40,CA,,USW00093206
2017,Arrow Fire,225.0,D,,,126.0,May,,Jan,9.0,35.21177,-119.87525,San Luis Obispo,40,CA,,USW00023273
2017,Bodfish Fire,206.0,D,,,152.0,Jun,,Jan,9.0,35.59804,-118.47939,Kern,15,CA,,USW00023155
2017,Eagle Fire,205.0,D,,,176.0,Jul,,Jan,9.0,33.85323,-117.48195,Riverside,33,CA,,USW00003171
2017,Skeleton Fire,200.0,D,,,246.0,Sep,,Jan,9.0,39.44543,-122.85194,Lake,17,CA,,USW00023275
2017,Range Fire,200.0,D,,,225.0,Aug,,Jan,9.0,37.72543,-121.90516,Alameda,1,CA,,USW00023285
2017,Eclipse Fire,200.0,D,,,224.0,Aug,,Jan,9.0,32.65003,-116.42907,San Diego,37,CA,,USW00003164
2017,Rose Fire,200.0,D,,,203.0,Jul,,Jan,9.0,33.689092,-117.396404,Riverside,33,CA,,USW00003171
2017,Tehama Fire,194.0,D,,,290.0,Oct,,Jan,9.0,40.02261,-121.91425,Tehama,52,CA,,USW00024216
2017,Wasioja Fire,190.0,D,,,131.0,May,,Jan,9.0,34.9465,-119.8036,Santa Barbara,42,CA,,USW00023190
2017,Toll Fire,186.0,D,,,223.0,Aug,,Jan,9.0,39.9864,-120.89746,Plumas,32,CA,,USW00023225
2017,Wild Fire,186.0,D,,,153.0,Jun,,Jan,9.0,36.704679,-120.405077,Fresno,10,CA,,USW00093242
2017,Rolling Fire,184.0,D,,,195.0,Oct,,Apr,93.0,35.3091,-118.701,Kern,15,CA,,USW00023155
2017,Quarry Fire,183.0,D,,,276.0,Oct,,Jan,9.0,35.19008,-118.76152,Kern,15,CA,,USW00023155
2017,Laverne Fire,180.0,D,,,190.0,Jul,,Jan,9.0,40.47106,-122.43608,Shasta,45,CA,,USW00024257
2017,High Fire,170.0,D,,,195.0,Jul,,Jan,9.0,34.41204,-117.03031,San Bernardino,36,CA,,USW00023161
2017,Hills Fire,168.0,D,,,222.0,Aug,,Jan,9.0,33.87679,-117.00258,Riverside,33,CA,,USW00003171
2017,Evans Fire,168.0,D,,,161.0,Jun,,Jan,9.0,39.71101,-120.02325,Sierra,46,CA,,USW00023185
2017,Honcut Fire,166.0,D,,,182.0,Jul,,Jan,9.0,39.37192,-121.53865,Butte,4,CA,,USW00093205
2017,Peg Fire,157.0,D,,,229.0,Aug,,Jan,9.0,40.80968,-120.48641,Lassen,18,CA,,USW00024257
2017,26 Fire,157.0,D,,,149.0,Jun,,Jan,9.0,37.12759,-120.0193,Madera,20,CA,,USW00093242
2017,Corral Fire,155.0,D,,,167.0,Sep,,Apr,95.0,37.63358,-121.49925,Alameda,1,CA,,USW00023285
2017,Hill Fire,155.0,D,,,201.0,Jul,,Jan,9.0,41.9808,-121.9741,Siskiyou,47,CA,,USW00024257
2017,Smiley Fire,153.0,D,,,160.0,Jun,,Jan,9.0,33.98639,-117.21314,Riverside,33,CA,,USW00003171
2017,Honey Fire,150.0,D,,,273.0,Oct,,Jan,9.0,39.74679,-121.67261,Butte,4,CA,,USW00024216
2017,Olive Fire,150.0,D,,,196.0,Jul,,Jan,9.0,35.7751,-120.23656,San Luis Obispo,40,CA,,USW00093209
2017,Lucy Fire,150.0,D,,,156.0,Jun,,Jan,9.0,35.6871,-120.3187,San Luis Obispo,40,CA,,USW00093209
2017,41 Fire,150.0,D,,,128.0,May,,Jan,9.0,36.90967,-119.79315,Madera,20,CA,,USW00093193
2017,Tower Fire,150.0,D,,,111.0,Apr,,Jan,9.0,34.30104,-117.45646,San Bernardino,36,CA,,USW00003102
2017,River Fire,148.0,D,,,278.0,Oct,,Jan,9.0,40.46836,-123.51619,Trinity,53,CA,,USW00024213
2017,Grape Fire,146.0,D,,,253.0,Sep,,Jan,9.0,39.02482,-123.1362,Mendocino,23,CA,,USW00023275
2017,Soda Fire,143.0,D,,,262.0,Sep,,Jan,9.0,40.07613,-121.56858,Butte,4,CA,,USW00024216
2017,Ranch Fire,140.0,D,,,198.0,Jul,,Jan,9.0,38.559707,-120.70013,El Dorado,9,CA,,USW00023232
2017,French Fire,136.0,D,,,251.0,Sep,,Jan,9.0,38.5758,-120.915,El Dorado,9,CA,,USW00023232
2017,Gorman Fire,135.0,D,,,200.0,Jul,,Jan,9.0,34.792882,-118.851943,Los Angeles,19,CA,,USW00023187
2017,King Fire,135.0,D,,,155.0,Jun,,Jan,9.0,35.8556,-118.74542,Tulare,54,CA,,USW00023155
2017,Skyway Fire,134.0,D,,,158.0,Jun,,Jan,9.0,39.69717,-121.75417,Butte,4,CA,,USW00024216
2017,Point Fire,130.0,D,,,273.0,Oct,,Jan,9.0,38.40234,-120.52953,Calaveras,5,CA,,USW00093230
2017,Border Fire,130.0,D,,,235.0,Sep,,Jan,9.0,32.6001,-116.76997,San Diego,37,CA,,USW00003178
2017,Olive Fire,130.0,D,,,113.0,May,,Jan,9.0,35.78286,-120.22647,San Luis Obispo,40,CA,,USW00093209
2017,Oak Fire,128.0,D,,,173.0,Jul,,Jan,9.0,40.69554,-122.0122,Shasta,45,CA,,USW00024257
2017,Tumey Fire,126.0,D,,,110.0,Apr,,Jan,9.0,36.5355,-120.6585,Fresno,10,CA,,USW00023110
2017,Coronado Fire,125.0,D,,,216.0,Aug,,Jan,9.0,37.62823,-120.30046,Mariposa,22,CA,,USW00023257
2017,Twist Fire,124.0,D,,,202.0,Jul,,Jan,9.0,37.90014,-120.36005,Tuolumne,55,CA,,USW00023258
2017,Stewart Fire,122.0,D,,,207.0,Aug,,Jan,9.0,34.009026,-117.239099,Riverside,33,CA,,USW00003171
2017,Margarita Fire,120.0,D,,,237.0,Sep,,Jan,9.0,35.31886,-120.50886,San Luis Obispo,40,CA,,USW00093206
2017,Lamb Fire,120.0,D,,,136.0,May,,Jan,9.0,33.88287,-116.99651,Riverside,33,CA,,USW00003171
2017,Maria Fire,117.0,D,,,189.0,Jul,,Jan,9.0,38.29113,-120.62177,Calaveras,5,CA,,USW00023237
2017,Fallon Fire,116.0,D,,,281.0,Oct,,Jan,9.0,37.7393,-121.85663,Alameda,1,CA,,USW00023285
2017,Canyon Fire,114.0,D,,,214.0,Aug,,Jan,9.0,38.49336,-122.2483,Napa,28,CA,,USW00093241
2017,Flat Fire,111.0,D,,,229.0,Aug,,Jan,9.0,36.93332,-119.43376,Fresno,10,CA,,USW00093193
2017,Lone Fire,111.0,D,,,164.0,Jun,,Jan,9.0,39.38416,-121.5786,Butte,4,CA,,USW00093205
2017,Poly Fire,105.0,D,,,260.0,Sep,,Jan,9.0,35.3024,-120.65279,San Luis Obispo,40,CA,,USW00093206
2017,Canyon Fire,105.0,D,,,157.0,Jun,,Jan,9.0,33.950382,-116.884446,Riverside,33,CA,,USW00093138
2017,Humboldt Fire,103.0,D,,,98.0,Jul,,Apr,102.0,39.76243,-121.74121,Butte,4,CA,,USW00024216
2017,Coalinga Fire,102.0,D,,,233.0,Aug,,Jan,9.0,36.36113,-120.32685,Fresno,10,CA,,USW00023110
2017,Lariat Fire,101.0,D,,,183.0,Jul,,Jan,9.0,37.39801,-121.8179,Santa Clara,43,CA,,USW00023293
2017,Church Fire,100.0,D,,,285.0,Oct,,Jan,9.0,32.64962,-116.37345,San Diego,37,CA,,USW00003164
2017,Oakmont Fire (Central LNU Complex),100.0,D,,,192.0,Oct,,Apr,95.0,38.46123,-122.58152,Sonoma,49,CA,,USW00023213
2017,Long Fire,100.0,D,,,278.0,Oct,,Jan,9.0,39.0199,-122.57487,Lake,17,CA,,USW00023275
2017,Timm Fire,100.0,D,,,266.0,Oct,,Jan,9.0,38.43658,-121.97233,Solano,48,CA,,USW00093241
2017,Bally Fire,100.0,D,,,237.0,Sep,,Jan,9.0,36.99092,-121.59899,Santa Clara,43,CA,,USW00023277
2017,Parkfield Fire,100.0,D,,,237.0,Sep,,Jan,9.0,36.09486,-120.52189,Fresno,10,CA,,USW00093209
2017,Tilton Fire,100.0,D,,,214.0,Aug,,Jan,9.0,37.14653,-121.68165,Santa Clara,43,CA,,USW00023277
2017,Mile Fire,100.0,D,,,203.0,Jul,,Jan,9.0,34.19076,-117.26969,San Bernardino,36,CA,,USW00003171
2017,Oak Fire,99.0,C,,,324.0,Nov,,Jan,9.0,34.035344,-116.940661,San Bernardino,36,CA,,USW00093138
2017,Reed Fire,92.0,C,,,210.0,Aug,,Jan,9.0,33.57139,-116.8247,Riverside,33,CA,,USW00093138
2017,Auberry Fire,91.0,C,,,177.0,Jul,,Jan,9.0,36.95104,-119.65621,Fresno,10,CA,,USW00093193
2017,Wilbur Fire,91.0,C,,,148.0,Jun,,Jan,9.0,39.52499,-121.64897,Butte,4,CA,,USW00093205
2017,Daulton Fire,90.0,C,,,179.0,Jul,,Jan,9.0,37.09773,-120.02027,Madera,20,CA,,USW00093242
2017,Ridge Fire,87.0,C,,,270.0,Oct,,Jan,9.0,39.15016,-122.576,Lake,17,CA,,USW00023275
2017,Vista Fire,86.0,C,,,288.0,Oct,,Jan,9.0,34.34949,-119.30918,Ventura,56,CA,,USW00093110
2017,Saw Fire,85.0,C,,,206.0,Aug,,Jan,9.0,40.11794,-123.76099,Humboldt,12,CA,,USW00024213
2017,Dollar Fire,85.0,C,,,194.0,Jul,,Jan,9.0,34.20152,-117.14466,San Bernardino,36,CA,,USW00003171
2017,Ranch Fire,85.0,C,,,171.0,Jun,,Jan,9.0,37.3344,-121.71752,Santa Clara,43,CA,,USW00023293
2017,Country Fire,82.0,C,,,210.0,Aug,,Jan,9.0,35.86596,-120.64584,Monterey,27,CA,,USW00093209
2017,Loma Fire,81.0,C,,,277.0,Oct,,Jan,9.0,33.38613,-117.46709,San Diego,37,CA,,USW00003154
2017,Holiday Fire,80.0,C,,,353.0,Dec,,Jan,9.0,38.869036,-119.61865,El Dorado,9,CA,,USW00093230
2017,Mills File,79.0,C,,,237.0,Sep,,Jan,9.0,40.13278,-120.9204,Plumas,32,CA,,USW00023225
2017,Fountain Fire ,79.0,C,,,142.0,May,,Jan,9.0,35.89423,-119.00334,Tulare,54,CA,,USW00023155
2017,Castro Fire,78.0,C,,,195.0,Jul,,Jan,9.0,36.96607,-121.55552,Santa Clara,43,CA,,USW00023277
2017,Spring Fire ,78.0,C,,,146.0,Jun,,Jan,9.0,40.38944,-122.13088,Tehama,52,CA,,USW00024257
2017,McCourtney Fire (Wind Complex),76.0,C,,,242.0,Oct,,Feb,40.0,39.19325,-121.08406,Nevada,29,CA,,USW00023225
2017,Tivy Fire,76.0,C,,,153.0,Jun,,Jan,9.0,36.8005,-119.35901,Fresno,10,CA,,USW00093193
2017,Linne Fire,74.0,C,,,260.0,Sep,,Jan,9.0,35.5956,-120.56068,San Luis Obispo,40,CA,,USW00093209
2017,Axel Fire,74.0,C,,,180.0,Jul,,Jan,9.0,38.7803,-120.97111,El Dorado,9,CA,,USW00023232
2017,Bryant Fire,74.0,C,,,179.0,Jul,,Jan,9.0,34.07612,-117.06765,San Bernardino,36,CA,,USW00003171
2017,Lynch Fire,73.0,C,,,277.0,Oct,,Jan,9.0,35.78616,-120.96514,San Luis Obispo,40,CA,,USW00093209
2017,Ellis Fire,72.0,C,,,190.0,Jul,,Jan,9.0,33.75526,-117.25075,Riverside,33,CA,,USW00003171
2017,Camatta Fire,70.0,C,,,205.0,Aug,,Jan,9.0,35.4403,-120.2913,San Luis Obispo,40,CA,,USW00093206
2017,Sand Fire,70.0,C,,,189.0,Jul,,Jan,9.0,39.01224,-122.20127,Colusa,6,CA,,USW00093205
2017,Felipe Fire,70.0,C,,,182.0,Jul,,Jan,9.0,37.25014,-121.68562,Santa Clara,43,CA,,USW00023293
2017,Manning Fire,70.0,C,,,130.0,May,,Jan,9.0,36.60736,-120.5828,Fresno,10,CA,,USW00093242
2017,Hill Fire,69.0,C,,,230.0,Aug,,Jan,9.0,36.7279,-119.28241,Fresno,10,CA,,USW00093193
2017,Clay Fire,68.0,C,,,143.0,Jun,,Jan,9.0,38.33707,-121.11113,Sacramento,34,CA,,USW00023232
2017,River Fire,67.0,C,,,146.0,Jun,,Jan,9.0,40.03392,-120.1064,Lassen,18,CA,,USW00023185
2017,Orange Fire,65.0,C,,,163.0,Jun,,Jan,9.0,37.82934,-120.68992,Stanislaus,50,CA,,USW00023258
2017,Placentia Fire,63.0,C,,,200.0,Jul,,Jan,9.0,33.81976,-117.18552,Riverside,33,CA,,USW00003171
2017,Westfall Fire,63.0,C,,,157.0,Jun,,Jan,9.0,37.36914,-120.0088,Mariposa,22,CA,,USW00093242
2017,Montezuma Fire,62.0,C,,,229.0,Aug,,Jan,9.0,33.20988,-116.46989,San Diego,37,CA,,USW00053120
2017,Bottle Fire,62.0,C,,,211.0,Aug,,Jan,9.0,38.94599,-122.81135,Lake,17,CA,,USW00023275
2017,Lake Fire,62.0,C,,,180.0,Jul,,Jan,9.0,37.64898,-120.4925,Stanislaus,50,CA,,USW00023258
2017,Bolla Fire,60.0,C,,,160.0,Jun,,Jan,9.0,40.32063,-122.83208,Tehama,52,CA,,USW00024257
2017,Fox Fire,59.0,C,,,189.0,Jul,,Jan,9.0,36.18815,-118.78928,Tulare,54,CA,,USW00053119
2017,Quail Fire,59.0,C,,,184.0,Jul,,Jan,9.0,38.18303,-120.85322,Calaveras,5,CA,,USW00023237
2017,Silver Fire,58.0,C,,,275.0,Oct,,Jan,9.0,36.7528,-119.2288,Fresno,10,CA,,USW00093193
2017,Slides Fire,58.0,C,,,246.0,Sep,,Jan,9.0,39.42604,-123.03344,Lake,17,CA,,USW00023275
2017,Hogback Fire,58.0,C,,,190.0,Jul,,Jan,9.0,36.64404,-118.99944,Tulare,54,CA,,USW00093193
2017,Tower Fire,58.0,C,,,179.0,Jul,,Jan,9.0,35.346,-120.62825,San Luis Obispo,40,CA,,USW00093206
2017,Live Fire,57.0,C,,,200.0,Jul,,Jan,9.0,40.1583,-122.3209,Tehama,52,CA,,USW00024216
2017,Freedom Fire,57.0,C,,,176.0,Jul,,Jan,9.0,36.81476,-119.51592,Fresno,10,CA,,USW00093193
2017,Bogus Fire,56.0,C,,,160.0,Jun,,Jan,9.0,41.93006,-122.36545,Siskiyou,47,CA,,USW00024257
2017,Estate Fire,55.0,C,,,257.0,Sep,,Jan,9.0,38.4446,-122.0041,Solano,48,CA,,USW00093241
2017,Owens Fire,55.0,C,,,232.0,Aug,,Jan,9.0,41.99483,-121.90077,Siskiyou,47,CA,,USW00024257
2017,Topanga Fire,55.0,C,,,171.0,Jun,,Jan,9.0,34.03941,-118.58624,Los Angeles,19,CA,,USW00093197
2017,Bradley Fire,54.0,C,,,231.0,Aug,,Jan,9.0,41.222,-122.292,Siskiyou,47,CA,,USW00024257
2017,Bradley Fire,54.0,C,,,231.0,Aug,,Jan,9.0,41.222,-122.27499,Siskiyou,47,CA,,USW00024257
2017,Quimby Fire,54.0,C,,,163.0,Jun,,Jan,9.0,37.33454,-121.76323,Santa Clara,43,CA,,USW00023293
2017,Weller Fire,51.0,C,,,198.0,Jul,,Jan,9.0,37.44485,-121.84108,Santa Clara,43,CA,,USW00023293
2017,Tank Fire,50.0,C,,,290.0,Oct,,Jan,9.0,35.21556,-118.56578,Kern,15,CA,,USW00023155
2017,Extension Fire,50.0,C,,,287.0,Oct,,Jan,9.0,33.8826,-117.00589,Riverside,33,CA,,USW00003171
2017,Wilson Fire,50.0,C,,,281.0,Oct,,Jan,9.0,34.22551,-118.05545,Los Angeles,19,CA,,USW00093134
2017,Skeggs Fire,50.0,C,,,245.0,Sep,,Jan,9.0,37.41591,-122.3001,San Mateo,41,CA,,USW00023244
2017,Calgary Fire,50.0,C,,,208.0,Aug,,Jan,9.0,35.70639,-118.47307,Kern,15,CA,,USW00023155
2017,Mesa Fire,50.0,C,,,189.0,Jul,,Jan,9.0,34.72379,-120.13249,Santa Barbara,42,CA,,USW00023273
2017,West Fire,50.0,C,,,180.0,Jul,,Jan,9.0,39.06308,-121.303,Yuba,58,CA,,USW00093205
2017,Grade Fire,50.0,C,,,176.0,Jul,,Jan,9.0,34.20599,-118.98603,Ventura,56,CA,,USW00023136
2017,Lago Fire,50.0,C,,,175.0,Jul,,Jan,9.0,33.87739,-117.16215,Riverside,33,CA,,USW00003171
2017,Douglas Fire,50.0,C,,,155.0,Jun,,Jan,9.0,33.23281,-117.29509,San Diego,37,CA,,USW00053121
2017,Power Fire,48.0,C,,,254.0,Sep,,Jan,9.0,36.94652,-120.90462,Madera,20,CA,,USW00023257
2017,Serenas Fire,48.0,C,,,139.0,May,,Jan,9.0,33.58577,-116.07429,Riverside,33,CA,,USW00003104
2017,Bitterwater Fire,47.0,C,,,320.0,Nov,,Jan,9.0,36.38109,-121.00391,San Benito,35,CA,,USW00023233
2017,Zenon Fire,47.0,C,,,192.0,Jul,,Jan,9.0,35.06472,-120.5634,San Luis Obispo,40,CA,,USW00093206
2017,Canyon Fire,46.0,C,,,230.0,Aug,,Jan,9.0,33.6444,-117.3968,Riverside,33,CA,,USW00003171
2017,Hidden Fire,46.0,C,,,184.0,Jul,,Jan,9.0,34.149,-117.189,San Bernardino,36,CA,,USW00003171
2017,Whitepine Fire,46.0,C,,,148.0,Jun,,Jan,9.0,41.8721,-122.4571,Siskiyou,47,CA,,USW00024257
2017,Riverbottom Fire,45.0,C,,,346.0,Dec,,Jan,9.0,33.9885,-117.38417,Riverside,33,CA,,USW00003171
2017,Pozo Fire,45.0,C,,,273.0,Oct,,Jan,9.0,35.28738,-120.44448,San Luis Obispo,40,CA,,USW00093206
2017,Grace Fire,45.0,C,,,84.0,Apr,,Jan,9.0,40.48712,-121.85645,Shasta,45,CA,,USW00024257
2017,Mines Fire,44.0,C,,,230.0,Aug,,Jan,9.0,37.56181,-121.56425,Alameda,1,CA,,USW00023285
2017,Roser Fire,43.0,C,,,297.0,Nov,,Jan,9.0,39.81517,-122.28165,Tehama,52,CA,,USW00024216
2017,Pine Fire,43.0,C,,,245.0,Sep,,Jan,9.0,36.17297,-120.87609,Monterey,27,CA,,USW00093209
2017,Lockwood Fire,42.0,C,,,171.0,Jun,,Jan,9.0,35.96275,-121.08753,Monterey,27,CA,,USW00093209
2017,Paskenta Fire,42.0,C,,,166.0,Jun,,Jan,9.0,40.10282,-122.27379,Tehama,52,CA,,USW00024216
2017,Jones Fire,42.0,C,,,145.0,Jun,,Jan,9.0,41.38247,-120.53443,Modoc,25,CA,,USW00024257
2017,Ward Fire,41.0,C,,,216.0,Aug,,Jan,9.0,41.99279,-122.9401,Siskiyou,47,CA,,USW00024283
2017,Stokes Fire,41.0,C,,,171.0,Jun,,Jan,9.0,34.10446,-118.70294,Los Angeles,19,CA,,USW00023130
2017,Feed Fire,41.0,C,,,125.0,May,,Jan,9.0,35.05076,-118.90004,Kern,15,CA,,USW00023187
2017,Riverdale Fire,40.0,C,,,329.0,Dec,,Jan,9.0,33.96514,-117.4764,Riverside,33,CA,,USW00003171
2017,Palm Fire,40.0,C,,,309.0,Nov,,Jan,9.0,33.90327,-116.50151,Riverside,33,CA,,USW00093138
2017,Freeway Fire,40.0,C,,,288.0,Oct,,Jan,9.0,34.13534,-117.4982,San Bernardino,36,CA,,USW00003102
2017,Jones Fire,40.0,C,,,272.0,Oct,,Jan,9.0,40.70627,-122.24199,Shasta,45,CA,,USW00024257
2017,Lakewood Fire,40.0,C,,,263.0,Sep,,Jan,9.0,35.59302,-118.46734,Kern,15,CA,,USW00023155
2017,Hole Fire,40.0,C,,,246.0,Sep,,Jan,9.0,41.98128,-124.01168,Del Norte,8,CA,,USW00024283
2017,Translator Fire,40.0,C,,,231.0,Aug,,Jan,9.0,41.02705,-123.63721,Humboldt,12,CA,,USW00024283
2017,Vestal Fire,40.0,C,,,229.0,Aug,,Jan,9.0,40.29831,-122.70449,Tehama,52,CA,,USW00024216
2017,Murphy Fire,40.0,C,,,189.0,Jul,,Jan,9.0,38.86056,-122.62382,Lake,17,CA,,USW00023213
2017,Reservation Fire,40.0,C,,,188.0,Jul,,Jan,9.0,36.66684,-121.74826,Monterey,27,CA,,USW00023259
2017,Table Fire,39.0,C,,,177.0,Sep,,Mar,85.0,37.896778,-120.504134,Tuolumne,55,CA,,USW00023258
2017,Spenceville Fire,39.0,C,,,196.0,Jul,,Jan,9.0,39.06522,-121.3519,Yuba,58,CA,,USW00093205
2017,Toll Fire,39.0,C,,,164.0,Jun,,Jan,9.0,38.07481,-122.23004,Solano,48,CA,,USW00093227
2017,Pine Fire,38.0,C,,,169.0,Jun,,Jan,9.0,37.9775,-122.65749,Marin,21,CA,,USW00093227
2017,Red Fire,38.0,C,,,153.0,Jun,,Jan,9.0,37.85137,-120.45268,Tuolumne,55,CA,,USW00023258
2017, Bridge Fire,37.0,C,,,295.0,Oct,,Jan,9.0,40.774,-122.309,Shasta,45,CA,,USW00024257
2017,Banderilla Fire,36.0,C,,,179.0,Jul,,Jan,9.0,37.65963,-120.34802,Mariposa,22,CA,,USW00023257
2017,Black Fire,36.0,C,,,167.0,Jun,,Jan,9.0,33.1683,-116.77342,San Diego,37,CA,,USW00053120
2017,Melba Fire,35.0,C,,,263.0,Sep,,Jan,9.0,33.74925,-117.10301,Riverside,33,CA,,USW00003171
2017,Spaletta Fire,35.0,C,,,184.0,Jul,,Jan,9.0,38.08055,-122.77846,Marin,21,CA,,USW00093227
2017,Jurupa Fire,35.0,C,,,176.0,Jul,,Jan,9.0,33.99316,-117.48405,Riverside,33,CA,,USW00003171
2017,Latrobe Fire,35.0,C,,,169.0,Jun,,Jan,9.0,38.45822,-120.92162,Sacramento,34,CA,,USW00023232
2017,Breckenridge Fire,35.0,C,,,151.0,Jun,,Jan,9.0,35.37351,-118.84134,Kern,15,CA,,USW00023155
2017,Smiley Fire,35.0,C,,,132.0,May,,Jan,9.0,33.96419,-117.20507,Riverside,33,CA,,USW00003171
2017,Meyers Fire,34.0,C,,,330.0,Dec,,Jan,9.0,34.21829,-117.40625,San Bernardino,36,CA,,USW00003102
2017,Ellie Fire,34.0,C,,,244.0,Sep,,Jan,9.0,33.73547,-117.33364,Riverside,33,CA,,USW00003171
2017,Miller Fire,34.0,C,,,234.0,Aug,,Jan,9.0,40.03697,-123.64214,Humboldt,12,CA,,USW00024213
2017,Valley Fire,34.0,C,,,176.0,Jul,,Jan,9.0,36.85596,-121.30983,San Benito,35,CA,,USW00023233
2017,Christmas Fire,33.0,C,,,179.0,Jul,,Jan,9.0,33.763304,-117.314994,Riverside,33,CA,,USW00003171
2017,Valley Fire,33.0,C,,,155.0,Jun,,Jan,9.0,33.584036,-116.972036,Riverside,33,CA,,USW00003154
2017,Creek Fire ,33.0,C,,,146.0,Jun,,Jan,9.0,35.60633,-118.4642,Kern,15,CA,,USW00023155
2017,Sandy Fire,32.0,C,,,205.0,Aug,,Jan,9.0,40.804,-123.375,Trinity,53,CA,,USW00024283
2017,Sandy Fire,32.0,C,,,205.0,Aug,,Jan,9.0,40.79902,-123.39253,Trinity,53,CA,,USW00024283
2017,Washington Fire,32.0,C,,,185.0,Jul,,Jan,9.0,33.62613,-117.07975,Riverside,33,CA,,USW00003154
2017,Shore Fire,32.0,C,,,158.0,Jun,,Jan,9.0,35.90092,-120.93371,Monterey,27,CA,,USW00093209
2017,Pleyto Fire,32.0,C,,,153.0,Jun,,Jan,9.0,35.902149,-120.983684,Monterey,27,CA,,USW00093209
2017,York Fire,31.0,C,,,279.0,Oct,,Jan,9.0,36.5858,-121.80377,Monterey,27,CA,,USW00023259
2017,Juniper Fire,31.0,C,,,226.0,Aug,,Jan,9.0,36.099681,-120.443545,Fresno,10,CA,,USW00093209
2017,Hub Fire,31.0,C,,,123.0,May,,Jan,9.0,35.60001,-118.4683,Kern,15,CA,,USW00023155
2017,Castaic Fire,30.0,C,,,162.0,Aug,,Mar,81.0,34.52055,-118.62882,Los Angeles,19,CA,,USW00023187
2017,Blocksburg Fire,30.0,C,,,206.0,Aug,,Jan,9.0,40.27582,-123.64281,Humboldt,12,CA,,USW00024213
2017,Timber Fire,30.0,C,,,175.0,Jul,,Jan,9.0,33.96896,-117.25411,Riverside,33,CA,,USW00003171
2017,Ice Fire,29.0,C,,,274.0,Oct,,Jan,9.0,38.77921,-120.46234,El Dorado,9,CA,,USW00093230
2017,Benson Fire,29.0,C,,,180.0,Jul,,Jan,9.0,40.29118,-122.42606,Tehama,52,CA,,USW00024216
2017,32 Fire,28.0,C,,,259.0,Sep,,Jan,9.0,39.8255,-121.7127,Butte,4,CA,,USW00024216
2017,4-4 Fire,28.0,C,,,233.0,Aug,,Jan,9.0,41.4844,-120.36659,Modoc,25,CA,,USW00024257
2017,Shore Fire,28.0,C,,,168.0,Jun,,Jan,9.0,41.93323,-124.19629,Del Norte,8,CA,,USW00024283
2017,Nuevo Fire,28.0,C,,,157.0,Jun,,Jan,9.0,33.79925,-117.11659,Riverside,33,CA,,USW00003171
2017,4-10 Fire,27.0,C,,,233.0,Aug,,Jan,9.0,41.64469,-120.31814,Modoc,25,CA,,USW00024257
2017,Vernon Fire,27.0,C,,,145.0,Jun,,Jan,9.0,33.82165,-116.96079,Riverside,33,CA,,USW00093138
2017,Jasper Fire,26.0,C,,,260.0,Sep,,Jan,9.0,39.03168,-121.40947,Yuba,58,CA,,USW00093205
2017,Trellis Fire,26.0,C,,,160.0,Jun,,Jan,9.0,33.71025,-117.31924,Riverside,33,CA,,USW00003171
2017,Fairview Fire,26.0,C,,,143.0,Jun,,Jan,9.0,33.94788,-116.59719,Riverside,33,CA,,USW00093138
2017,Wilson Fire,25.0,C,,,279.0,Oct,,Jan,9.0,33.18716,-116.50897,San Diego,37,CA,,USW00053120
2017,Cove Fire,25.0,C,,,257.0,Sep,,Jan,9.0,35.76343,-121.04445,San Luis Obispo,40,CA,,USW00093209
2017,Border 9 Fire,25.0,C,,,241.0,Sep,,Jan,9.0,32.59252,-116.61609,San Diego,37,CA,,USW00003164
2017,Hopper Fire,25.0,C,,,235.0,Sep,,Jan,9.0,40.71923,-122.02525,Shasta,45,CA,,USW00024257
2017,Sloane Fire,25.0,C,,,169.0,Jun,,Jan,9.0,32.7789,-116.8516,San Diego,37,CA,,USW00003178
2017,Road Fire,25.0,C,,,160.0,Jun,,Jan,9.0,37.02081,-119.95136,Madera,20,CA,,USW00093242
2017,5 Fire,25.0,C,,,145.0,Jun,,Jan,9.0,34.29931,-118.37539,Los Angeles,19,CA,,USW00023152
2017,Ribbonwood Fire,25.0,C,,,135.0,May,,Jan,9.0,32.679,-116.29296,San Diego,37,CA,,USW00003164
2017,Portola Fire,23.0,C,,,274.0,Oct,,Jan,9.0,33.50488,-117.02132,Riverside,33,CA,,USW00003154
2017,Edwards Fire,22.0,C,,,260.0,Sep,,Jan,9.0,37.77982,-122.169,Alameda,1,CA,,USW00023230
2017,Gold Fire,22.0,C,,,177.0,Jul,,Jan,9.0,38.20176,-120.67848,Calaveras,5,CA,,USW00023237
2017,Refuge Fire,22.0,C,,,155.0,Jun,,Jan,9.0,38.68347,-122.2654,Napa,28,CA,,USW00093241
2017,Soda Fire,21.0,C,,,284.0,Oct,,Jan,9.0,35.41112,-120.00353,San Luis Obispo,40,CA,,USW00093206
2017,Mule Fire,21.0,C,,,239.0,Sep,,Jan,9.0,39.01748,-122.49327,Lake,17,CA,,USW00023275
2017,Globe Fire,21.0,C,,,177.0,Jul,,Jan,9.0,36.10858,-118.81979,Tulare,54,CA,,USW00053119
2017,Highway Fire,21.0,C,,,164.0,Jun,,Jan,9.0,39.364,-121.4143,Butte,4,CA,,USW00093205
2017,Platina Fire,21.0,C,,,155.0,Jun,,Jan,9.0,0.0,0.0,Shasta,45,CA,,USW00023154
2017,Bitterwater Fire,21.0,C,,,133.0,May,,Jan,9.0,36.35578,-120.99552,San Benito,35,CA,,USW00023233
2017,Blue Fire,20.0,C,,,272.0,Oct,,Jan,9.0,40.88516,-123.96844,Humboldt,12,CA,,USW00024283
2017,Fort Fire,20.0,C,,,271.0,Oct,,Jan,9.0,38.51937,-123.24713,Sonoma,49,CA,,USW00023213
2017,36 Fire,20.0,C,,,267.0,Oct,,Jan,9.0,40.20077,-122.24731,Tehama,52,CA,,USW00024216
2017,Falls Fire,20.0,C,,,204.0,Aug,,Jan,9.0,37.65986,-120.31157,Tuolumne,55,CA,,USW00023257
2017,Seine Fire,20.0,C,,,194.0,Jul,,Jan,9.0,34.139,-117.199,San Bernardino,36,CA,,USW00003171
2017,Range Fire,20.0,C,,,189.0,Jul,,Jan,9.0,39.13207,-123.10227,Mendocino,23,CA,,USW00023275
2017,Reed Fire,20.0,C,,,155.0,Jun,,Jan,9.0,33.52584,-116.85226,Riverside,33,CA,,USW00093138
2017,Fish Fire,20.0,C,,,147.0,Jun,,Jan,9.0,37.86549,-122.2102,Contra Costa,7,CA,,USW00023230
2017,City Fire,20.0,C,,,129.0,May,,Jan,9.0,35.983,-119.91508,Kings,16,CA,,USW00023110
2017,Nacimiento Fire,20.0,C,,,125.0,May,,Jan,9.0,35.77082,-120.92482,Monterey,27,CA,,USW00093209
2017,Longhorn Fire,19.0,C,,,338.0,Dec,,Jan,9.0,33.88994,-116.91023,Riverside,33,CA,,USW00093138
2017,Garden Fire,19.0,C,,,274.0,Oct,,Jan,9.0,39.06414,-121.13737,Nevada,29,CA,,USW00093205
2017,Nuevo Fire,19.0,C,,,216.0,Aug,,Jan,9.0,33.797216,-117.124538,Riverside,33,CA,,USW00003171
2017,Sway Fire,19.0,C,,,204.0,Aug,,Jan,9.0,40.39799,-123.57562,Humboldt,12,CA,,USW00024213
2017,Willms Fire,19.0,C,,,190.0,Jul,,Jan,9.0,37.81827,-120.65764,Stanislaus,50,CA,,USW00023258
2017,King Fire,19.0,C,,,168.0,Jun,,Jan,9.0,40.703775,-122.645079,Siskiyou,47,CA,,USW00024257
2017,Fay Fire,19.0,C,,,112.0,May,,Jan,9.0,35.71704,-118.30601,Kern,15,CA,,USW00093104
2017,Bodega Fire,18.0,C,,,230.0,Aug,,Jan,9.0,38.26294,-122.71998,Sonoma,49,CA,,USW00023213
2017,Lakeland Fire,18.0,C,,,176.0,Jul,,Jan,9.0,39.53944,-121.54722,Butte,4,CA,,USW00093205
2017,Panoche Fire,18.0,C,,,139.0,May,,Jan,9.0,36.61332,-120.7109,Fresno,10,CA,,USW00093242
2017,Pine Fire,18.0,C,,,127.0,May,,Jan,9.0,36.1727,-120.86682,Monterey,27,CA,,USW00093209
2017,Ramblin Fire,17.0,C,,,267.0,Oct,,Jan,9.0,37.41231,-119.87465,Mariposa,22,CA,,USW00093242
2017,Corner Fire,17.0,C,,,220.0,Aug,,Jan,9.0,40.92602,-121.5935,Shasta,45,CA,,USW00024257
2017,Sky Fire,17.0,C,,,201.0,Jul,,Jan,9.0,40.69259,-122.17384,Shasta,45,CA,,USW00024257
2017,Rocky Fire,17.0,C,,,131.0,May,,Jan,9.0,35.556667,-120.474,San Luis Obispo,40,CA,,USW00093209
2017,Lonoak Fire,17.0,C,,,128.0,May,,Jan,9.0,36.2771,-120.94328,Monterey,27,CA,,USW00093209
2017,Canyon Fire,17.0,C,,,125.0,May,,Jan,9.0,33.88466,-116.99229,Riverside,33,CA,,USW00003171
2017,Elk Fire,16.0,C,,,144.0,Jun,,Jan,9.0,35.188,-119.2877,Kern,15,CA,,USW00023155
2017,Matz Fire,16.0,C,,,140.0,May,,Jan,9.0,34.04412,-116.55326,San Bernardino,36,CA,,USW00093138
2017,Rusty Fire,16.0,C,,,139.0,May,,Jan,9.0,36.96642,-119.58292,Fresno,10,CA,,USW00093193
2017,Paskenta Fire ,15.0,C,,,213.0,Aug,,Jan,9.0,39.87983,-122.5415,Tehama,52,CA,,USW00024216
2017,Greenhorn Fire,15.0,C,,,199.0,Jul,,Jan,9.0,39.16826,-120.95498,Nevada,29,CA,,USW00023225
2017,Centerville Fire,15.0,C,,,189.0,Jul,,Jan,9.0,41.45589,-120.56933,Modoc,25,CA,,USW00024257
2017,Alvarado Fire,15.0,C,,,170.0,Jun,,Jan,9.0,35.947,-120.87492,Monterey,27,CA,,USW00093209
2017,Lombardi Fire,15.0,C,,,139.0,May,,Jan,9.0,38.19906,-120.83484,Calaveras,5,CA,,USW00023237
2017,66 Fire,15.0,C,,,94.0,Apr,,Jan,9.0,33.56777,-116.08003,Riverside,33,CA,,USW00003104
2017,Drum Fire,14.0,C,,,341.0,Dec,,Jan,9.0,34.71796,-120.27077,Santa Barbara,42,CA,,USW00023273
2017,Coast Fire,14.0,C,,,339.0,Dec,,Jan,9.0,34.605358,-120.414875,Santa Barbara,42,CA,,USW00023273
2017,Desabla Fire,14.0,C,,,174.0,Jul,,Jan,9.0,39.8629,-121.6268,Butte,4,CA,,USW00024216
2017,Hog Fire,14.0,C,,,151.0,Jun,,Jan,9.0,35.80375,-120.52508,Monterey,27,CA,,USW00093209
2017,Moraga Fire,14.0,C,,,129.0,May,,Jan,9.0,33.97155,-117.44148,Riverside,33,CA,,USW00003171
2017,Milton Fire,13.0,C,,,282.0,Oct,,Jan,9.0,37.89532,-120.84748,Stanislaus,50,CA,,USW00023258
2017,Woodland Fire,13.0,C,,,197.0,Jul,,Jan,9.0,38.69775,-120.73757,El Dorado,9,CA,,USW00023225
2017,Rosado Fire,13.0,C,,,184.0,Jul,,Jan,9.0,38.67474,-121.06088,El Dorado,9,CA,,USW00023232
2017,Silver Fire,13.0,C,,,176.0,Jul,,Jan,9.0,34.304722,-117.3125,San Bernardino,36,CA,,USW00003102
2017,Pacific Fire,12.0,C,,,246.0,Sep,,Jan,9.0,39.44257,-121.60683,Butte,4,CA,,USW00093205
2017,Dehesa Fire,12.0,C,,,146.0,Jun,,Jan,9.0,0.0,0.0,San Diego,37,CA,,USW00023154
2017,Shandon Fire,12.0,C,,,118.0,May,,Jan,9.0,35.6879,-120.3317,San Luis Obispo,40,CA,,USW00093209
2017,Jameson Fire,12.0,C,,,111.0,Apr,,Jan,9.0,33.7866,-117.5048,Riverside,33,CA,,USW00003171
2017,Taglio Fire,12.0,C,,,356.0,Dec,,Jan,9.0,37.21812,-121.07761,Merced,24,CA,,USW00023258
2017,Independence Fire,11.0,C,,,203.0,Jul,,Jan,9.0,38.70289,-122.90217,Sonoma,49,CA,,USW00023213
2017,Lisa Fire,11.0,C,,,174.0,Jul,,Jan,9.0,33.913089,-117.096233,Riverside,33,CA,,USW00003171
2017,Freeway Fire,10.0,C,,,272.0,Oct,,Jan,9.0,40.24789,-122.255,Tehama,52,CA,,USW00024216
2017,Dexter Fire,10.0,C,,,254.0,Sep,,Jan,9.0,37.76888,-120.15846,Mariposa,22,CA,,USW00023257
2017,Shaver Fire,10.0,C,,,245.0,Sep,,Jan,9.0,37.10067,-119.32109,Fresno,10,CA,,USW00093193
2017,Sandra Fire,10.0,C,,,231.0,Aug,,Jan,9.0,38.34421,-120.72274,Amador,3,CA,,USW00023237
2017,Rincon Fire,10.0,C,,,206.0,Aug,,Jan,9.0,34.23925,-117.85182,Los Angeles,19,CA,,USW00003102
2017,Grizzly Fire,10.0,C,,,193.0,Jul,,Jan,9.0,39.36902,-120.97586,Nevada,29,CA,,USW00023225
2017,North Fire,10.0,C,,,187.0,Jul,,Jan,9.0,40.48972,-122.38619,Shasta,45,CA,,USW00024257
2017,Navajo Fire,10.0,C,,,185.0,Jul,,Jan,9.0,33.77896,-117.24091,Riverside,33,CA,,USW00003171
2017,Rebie Fire,10.0,C,,,184.0,Jul,,Jan,9.0,39.50475,-121.33785,Butte,4,CA,,USW00093205
2017,Canyon Fire,10.0,C,,,175.0,Jul,,Jan,9.0,33.91806,-116.99321,Riverside,33,CA,,USW00003171
2017,Brewer Fire,10.0,C,,,174.0,Jul,,Jan,9.0,39.08382,-121.06656,Nevada,29,CA,,USW00023225
2017,Lambs Fire,10.0,C,,,160.0,Jun,,Jan,9.0,33.90965,-116.9669,Riverside,33,CA,,USW00093138
2017,Pine Fire,10.0,C,,,147.0,Jun,,Jan,9.0,35.564124,-118.796513,Kern,15,CA,,USW00023155
2017,Shirleon Fire ,10.0,C,,,146.0,Jun,,Jan,9.0,33.87107,-116.88097,Riverside,33,CA,,USW00093138
2017,Twenty Fire,10.0,C,,,140.0,May,,Jan,9.0,39.23205,-121.376,Yuba,58,CA,,USW00093205
2017,Champagne Fire,10.0,C,,,139.0,May,,Jan,9.0,34.87128,-118.35296,Kern,15,CA,,USW00003159
2017,Moreno Fire,10.0,C,,,134.0,May,,Jan,9.0,33.94673,-117.17773,Riverside,33,CA,,USW00003171
2017,Soledad Fire,10.0,C,,,105.0,Apr,,Jan,9.0,36.44141,-121.34695,Monterey,27,CA,,USW00023233
2017,Pressley Fire (Central LNU Complex),0.0,A,,,273.0,Oct,,Jan,9.0,38.36685,-122.64001,Sonoma,49,CA,,USW00023213
2017,Partrick Fire (Central LNU Complex),0.0,A,,,272.0,Oct,,Jan,9.0,38.31802,-122.39052,Napa,28,CA,,USW00093227
2017,Rattlesnake Fire,0.0,A,,,241.0,Sep,,Jan,9.0,37.73596,-119.78256,Mariposa,22,CA,,USW00023257
2017,Clear Complex (merged into Eclipse Complex),0.0,A,,,197.0,Jul,,Jan,9.0,41.702,-123.508,Siskiyou,47,CA,,USW00024283
2017,Warner Mountain Lightning,0.0,A,,,195.0,Jul,,Jan,9.0,41.338,-120.304,Modoc,25,CA,,USW00024257
2017,Creek Fire,0.0,A,,,191.0,Jul,,Jan,9.0,39.75425,-122.17657,Glenn,11,CA,,USW00024216
2017,Antelope Fire,0.0,A,,,178.0,Jul,,Jan,9.0,40.6361,-120.9643,Lassen,18,CA,,USW00024257
2017,Klamath Fire,0.0,A,,,176.0,Jul,,Jan,9.0,41.86609,-122.73031,Siskiyou,47,CA,,USW00024283
2017, Cristianitos Fire,0.0,A,,,170.0,Jun,,Jan,9.0,33.43513,-117.58252,San Diego,37,CA,,USW00003154
2017,Salmon-August Complex ,0.0,A,,,167.0,Jun,,Jan,9.0,41.841,-123.474,Siskiyou,47,CA,,USW00024283
2017,King Incident,0.0,A,,,165.0,Jun,,Jan,9.0,36.51912,-119.50606,Tulare,54,CA,,USW00053119
2017,Range Fire,0.0,A,,,130.0,May,,Jan,9.0,35.85253,-120.80411,San Luis Obispo,40,CA,,USW00093209
2017,Oroville Spillway ,0.0,A,,,29.0,Feb,,Jan,9.0,39.51158,-121.55633,Butte,4,CA,,USW00093205
2018,Ranch Fire (Mendocino Complex),410203.0,G,,,204.0,Jul,,Jan,4.0,39.243283,-123.103367,Colusa,"6,11,17,23",CA,,USW00023275
2018,Ranch Fire (Mendocino Complex),410203.0,G,,,204.0,Jul,,Jan,4.0,39.243283,-123.103367,Glenn,"6,11,17,23",CA,,USW00023275
2018,Ranch Fire (Mendocino Complex),410203.0,G,,,204.0,Jul,,Jan,4.0,39.243283,-123.103367,Lake,"6,11,17,23",CA,,USW00023275
2018,Ranch Fire (Mendocino Complex),410203.0,G,,,204.0,Jul,,Jan,4.0,39.243283,-123.103367,Mendocino,"6,11,17,23",CA,,USW00023275
2018,Carr Fire,229651.0,G,,,200.0,Jul,,Jan,4.0,40.65428,-122.62357,Shasta,"45,53",CA,,USW00024257
2018,Carr Fire,229651.0,G,,,200.0,Jul,,Jan,4.0,40.65428,-122.62357,Trinity,"45,53",CA,,USW00024257
2018,Camp Fire,153336.0,G,,,17.0,Nov,,Nov,329.0,39.8134,-121.4347,Butte,4,CA,,USW00024216
2018,Woolsey Fire,96949.0,G,,,308.0,Nov,,Jan,4.0,34.235,-118.70128,Los Angeles,"19,56",CA,,USW00023130
2018,Woolsey Fire,96949.0,G,,,308.0,Nov,,Jan,4.0,34.235,-118.70128,Ventura,"19,56",CA,,USW00023130
2018,Ferguson Fire,96901.0,G,,,190.0,Jul,,Jan,4.0,37.6549,-119.88581,Mariposa,22,CA,,USW00023257
2018,County Fire,90288.0,G,,,177.0,Jun,,Jan,4.0,38.80583,-122.18183,Napa,"28,57",CA,,USW00093241
2018,County Fire,90288.0,G,,,177.0,Jun,,Jan,4.0,38.80583,-122.18183,Yolo,"28,57",CA,,USW00093241
2018,Delta Fire,63311.0,G,,,244.0,Sep,,Jan,4.0,40.9425,-122.43,Shasta,"45,53",CA,,USW00024257
2018,Delta Fire,63311.0,G,,,244.0,Sep,,Jan,4.0,40.9425,-122.43,Trinity,"45,53",CA,,USW00024257
2018,River Fire (Mendocino Complex),48920.0,G,,,204.0,Jul,,Jan,4.0,39.04786,-123.11971,Colusa,"6,17,23",CA,,USW00023275
2018,River Fire (Mendocino Complex),48920.0,G,,,204.0,Jul,,Jan,4.0,39.04786,-123.11971,Lake,"6,17,23",CA,,USW00023275
2018,River Fire (Mendocino Complex),48920.0,G,,,204.0,Jul,,Jan,4.0,39.04786,-123.11971,Mendocino,"6,17,23",CA,,USW00023275
2018,Hirz Fire,46150.0,G,,,217.0,Aug,,Jan,4.0,40.896,-122.219,Shasta,45,CA,,USW00024257
2018,Stone Fire,39387.0,G,,,223.0,Aug,,Jan,4.0,41.38544,-121.04386,Modoc,25,CA,,USW00024257
2018,Klamathon Fire,38008.0,G,,,182.0,Jul,,Jan,4.0,41.893332,-122.534655,Siskiyou,47,CA,,USW00024257
2018,Donnell Fire,36450.0,G,,,209.0,Aug,,Jan,4.0,38.349,-119.929,Tuolumne,55,CA,,USW00093230
2018,Holy Fire,23136.0,G,,,214.0,Aug,,Jan,4.0,33.69888,-117.52055,Orange,30,CA,,USW00003171
2018,Whaleback Fire,18703.0,G,,,204.0,Jul,,Jan,4.0,40.633536,-120.868091,Lassen,18,CA,,USW00024257
2018,Pawnee Fire,15185.0,G,,,170.0,Jun,,Jan,4.0,39.0674,-122.59848,Lake,17,CA,,USW00023275
2018,Cranston Fire,13139.0,G,,,202.0,Jul,,Jan,4.0,0.0,0.0,Riverside,33,CA,,USW00023154
2018,Waverly Fire,12300.0,G,,,176.0,Jun,,Jan,4.0,38.052055,-120.945482,San Joaquin,39,CA,,USW00023237
2018,Boot Fire,6974.0,G,,,243.0,Sep,,Jan,4.0,38.347395,-119.45186,Mono,26,CA,,USW00093230
2018,Planada Fire,4564.0,F,,,162.0,Jun,,Jan,4.0,37.39339,-120.34207,Merced,24,CA,,USW00023257
2018,Hill Fire,4531.0,F,,,308.0,Nov,,Jan,4.0,34.22685,-118.93444,Ventura,56,CA,,USW00023136
2018,Branscombe Fire,4500.0,F,,,276.0,Oct,,Jan,4.0,0.0,0.0,Solano,48,CA,,USW00023154
2018,Lions Fire,4064.0,F,,,158.0,Jun,,Jan,4.0,37.571,-119.118,Madera,20,CA,,USW00023157
2018,Sun Fire,3889.0,F,,,276.0,Oct,,Jan,4.0,40.22027778,-122.18,Tehama,52,CA,,USW00024216
2018,Lane Fire,3716.0,F,,,170.0,Jun,,Jan,4.0,40.35068,-121.77867,Tehama,52,CA,,USW00024216
2018,Mill Creek 1 Fire,3674.0,F,,,224.0,Aug,,Jan,4.0,41.07944,-123.688056,Humboldt,12,CA,,USW00024283
2018,Charlie Fire,3380.0,F,,,261.0,Sep,,Jan,4.0,34.48229,-118.60858,Los Angeles,19,CA,,USW00023187
2018,Five Fire,2995.0,F,,,214.0,Aug,,Jan,4.0,35.97896,-119.98329,Kings,16,CA,,USW00023110
2018,Apple Fire,2956.0,F,,,156.0,Jun,,Jan,4.0,39.94355,-122.3571,Tehama,52,CA,,USW00024216
2018,Tarina Fire,2950.0,F,,,211.0,Aug,,Jan,4.0,35.37444,-118.83556,Kern,15,CA,,USW00023155
2018,Georges Fire,2883.0,F,,,185.0,Jul,,Jan,4.0,36.6734,-118.21881,Inyo,14,CA,,USW00023157
2018,Snell Fire,2490.0,F,,,247.0,Sep,,Jan,4.0,38.69601,-122.44468,Napa,28,CA,,USW00023213
2018,Chrome Fire,2290.0,F,,,156.0,Jun,,Jan,4.0,39.64978,-122.58218,Glenn,11,CA,,USW00024216
2018,Turkey Fire,2225.0,F,,,214.0,Aug,,Jan,4.0,35.847778,-120.343056,Monterey,27,CA,,USW00093209
2018,Nelson Fire,2162.0,F,,,218.0,Aug,,Jan,4.0,38.431278,-122.043747,Solano,48,CA,,USW00093241
2018,Eagle Fire,2100.0,F,,,190.0,Jul,,Jan,4.0,41.29363,-120.11461,Modoc,25,CA,,USW00024172
2018,Pleasant Fire,2070.0,F,,,46.0,Feb,,Jan,3.0,37.40208,-118.50235,Inyo,14,CA,,USW00023157
2018,Hat Fire,1900.0,F,,,217.0,Aug,,Jan,4.0,40.99344,-121.52225,Shasta,45,CA,,USW00024257
2018,Nees Fire,1756.0,F,,,118.0,May,,Jan,4.0,36.85156,-120.77206,Merced,24,CA,,USW00023257
2018,Kerlin Fire,1751.0,F,,,243.0,Sep,,Jan,4.0,40.616251,-123.52019,Trinity,53,CA,,USW00024213
2018,Creek Fire,1678.0,F,,,171.0,Jun,,Jan,4.0,40.50318,-122.42308,Shasta,45,CA,,USW00024257
2018,Nurse Fire,1500.0,F,,,308.0,Nov,,Jan,4.0,38.21396,-121.9424,Solano,48,CA,,USW00093241
2018,Yankee Fire,1500.0,F,,,167.0,Jun,,Jan,4.0,35.73629,-120.75593,San Luis Obispo,40,CA,,USW00093209
2018,Stone Fire,1352.0,F,,,151.0,Jun,,Jan,4.0,34.5486,-118.31138,Los Angeles,19,CA,,USW00023182
2018,Valley Fire,1350.0,F,,,183.0,Jul,,Jan,4.0,34.095568,-116.958806,San Bernardino,36,CA,,USW00003171
2018,Airline Fire,1314.0,F,,,151.0,Jun,,Jan,4.0,36.40755,-120.99322,San Benito,35,CA,,USW00023233
2018,Moffat Fire,1265.0,F,,,106.0,Apr,,Jan,3.0,36.71537,-118.08449,Inyo,14,CA,,USW00023157
2018,Patterson Fire,1261.0,F,,,133.0,May,,Jan,4.0,33.62924,-117.05992,Riverside,33,CA,,USW00003154
2018,Butte Fire,1200.0,F,,,208.0,Jul,,Jan,4.0,39.186144,-121.792885,Sutter,51,CA,,USW00093205
2018,North Fire,1120.0,F,,,242.0,Sep,,Jan,4.0,39.268611,-120.658333,Placer,31,CA,,USW00023225
2018,Front Fire,1014.0,F,,,227.0,Aug,,Jan,4.0,35.11416667,-120.09222222,Santa Barbara,42,CA,,USW00023273
2018,Breckenridge Fire,993.0,E,,,204.0,Jul,,Jan,4.0,35.387408,-118.817934,Kern,15,CA,,USW00023155
2018,Eel Fire,972.0,E,,,208.0,Jul,,Jan,4.0,39.82877,-123.08489,Mendocino,23,CA,,USW00023275
2018,Stoney Fire,962.0,E,,,189.0,Jul,,Jan,4.0,39.77124,-121.76859,Butte,4,CA,,USW00024216
2018,Dale Fire,856.0,E,,,186.0,Jul,,Jan,4.0,40.33682,-121.93908,Tehama,52,CA,,USW00024216
2018,Irish Fire,825.0,E,,,183.0,Jul,,Jan,4.0,38.42623,-120.95408,Amador,3,CA,,USW00023232
2018,Eighty Eight Fire,822.0,E,,,195.0,Jul,,Jan,4.0,38.59694444,-121.99388889,Yolo,57,CA,,USW00093241
2018,Sunset Fire,700.0,E,,,209.0,Aug,,Jan,4.0,38.82426,-121.451307,Placer,31,CA,,USW00093205
2018,River Fire,668.0,E,,,223.0,Aug,,Jan,4.0,35.79012,-118.7393,Tulare,54,CA,,USW00023155
2018,Gulch Fire,650.0,E,,,219.0,Aug,,Jan,4.0,36.00912,-120.82226,Monterey,27,CA,,USW00093209
2018,Tumbleweed Fire,646.0,E,,,161.0,Jun,,Jan,4.0,40.3768,-120.36403,Lassen,18,CA,,USW00023185
2018,Grant Fire,640.0,E,,,185.0,Jul,,Jan,4.0,37.75646,-121.60646,Alameda,1,CA,,USW00023285
2018,Tulloch Fire,573.0,E,,,247.0,Sep,,Jan,4.0,37.83388,-120.61746,Tuolumne,55,CA,,USW00023258
2018,June Fire,550.0,E,,,299.0,Oct,,Jan,4.0,39.36529,-121.51707,Butte,4,CA,,USW00093205
2018,Eastern Fire,513.0,E,,,151.0,Jun,,Jan,4.0,36.378333,-120.901167,San Benito,35,CA,,USW00023233
2018,West Fire,504.0,E,,,183.0,Jul,,Jan,4.0,32.833674,-116.7311,San Diego,37,CA,,USW00053120
2018,Grant Fire,484.0,E,,,146.0,May,,Jan,4.0,37.75375,-121.57918,Alameda,1,CA,,USW00023285
2018,Hyatt Fire,441.0,E,,,174.0,Jun,,Jan,4.0,40.316137,-120.45053,Lassen,18,CA,,USW00023185
2018,Metz Fire,400.0,E,,,252.0,Sep,,Jan,4.0,36.35502,-121.1563,Monterey,27,CA,,USW00023233
2018,San Ardo,375.0,E,,,5.0,Jun,,Jun,172.0,35.95515,-120.86256,Monterey,27,CA,,USW00093209
2018,Call Fire,367.0,E,,,226.0,Aug,,Jan,4.0,35.51777778,-118.6525,Kern,15,CA,,USW00023155
2018,Pasqual Fire,365.0,E,,,204.0,Jul,,Jan,4.0,33.07892,-116.91845,San Diego,37,CA,,USW00053120
2018,Oak Fire,360.0,E,,,261.0,Sep,,Jan,4.0,37.38789,-119.68912,Madera,20,CA,,USW00093242
2018,Shippee Fire,347.0,E,,,173.0,Jun,,Jan,4.0,39.59872,-121.78208,Butte,4,CA,,USW00093205
2018,Owens Fire,338.0,E,,,208.0,Jul,,Jan,4.0,37.735461,-118.970443,Inyo,14,CA,,USW00023157
2018,Bascom Fire,328.0,E,,,170.0,Jun,,Jan,4.0,40.52909,-122.17457,Shasta,45,CA,,USW00024257
2018,Country Fire,320.0,E,,,199.0,Jul,,Jan,4.0,37.449425,-121.88807,Santa Clara,43,CA,,USW00023293
2018,Shingle Fire,316.0,E,,,181.0,Jul,,Jan,4.0,38.539806,-121.059979,El Dorado,9,CA,,USW00023232
2018,Flat Fire,300.0,E,,,175.0,Jun,,Jan,4.0,40.60402,-122.9144,Trinity,53,CA,,USW00024257
2018,ONeals Fire,300.0,E,,,151.0,Jun,,Jan,4.0,37.10181,-119.623981,Madera,20,CA,,USW00093193
2018,Alpha Fire,300.0,E,,,120.0,May,,Jan,4.0,33.389425,-117.502405,San Diego,37,CA,,USW00003154
2018,Twisselman Fire,293.0,D,,,132.0,May,,Jan,4.0,0.0,0.0,Kern,15,CA,,USW00023154
2018,South Fire,290.0,D,,,214.0,Aug,,Jan,4.0,38.061298,-120.872244,Calaveras,5,CA,,USW00023237
2018,Eastman Fire,289.0,D,,,231.0,Aug,,Jan,4.0,37.197039,-120.002619,Madera,20,CA,,USW00093242
2018,Skyline Fire,282.0,D,,,196.0,Jul,,Jan,4.0,33.836101,-117.607577,Riverside,33,CA,,USW00003179
2018,Panoche Fire,278.0,D,,,188.0,Jul,,Jan,4.0,36.65351,-121.0454,San Benito,35,CA,,USW00023233
2018,Valley Fire,268.0,D,,,176.0,Jun,,Jan,4.0,37.94714,-121.9921,Contra Costa,7,CA,,USW00023254
2018,Stoll Fire,268.0,D,,,170.0,Jun,,Jan,4.0,40.18395,-122.27574,Tehama,52,CA,,USW00024216
2018,Recycle Fire,265.0,D,,,153.0,Jun,,Jan,4.0,32.63046,-116.46674,San Diego,37,CA,,USW00003164
2018,Wilson Fire,261.0,D,,,267.0,Sep,,Jan,4.0,40.34256,-121.43025,Tehama,52,CA,,USW00024216
2018,Fox Fire,260.0,D,,,173.0,Jun,,Jan,4.0,35.33916,-120.71488,San Luis Obispo,40,CA,,USW00093206
2018,Santa Cruz Fire,258.0,D,,,83.0,Mar,,Jan,3.0,34.0232,-119.76576,Santa Barbara,42,CA,,USW00023190
2018,Rangeland Fire,250.0,D,,,217.0,Aug,,Jan,4.0,33.076239,-116.902985,San Diego,37,CA,,USW00053120
2018,Marsh Fire,247.0,D,,,202.0,Jul,,Jan,4.0,37.89612,-121.85847,Contra Costa,7,CA,,USW00023254
2018,Steamboat Fire,224.0,D,,,192.0,Jul,,Jan,4.0,41.70877,-122.47293,Siskiyou,47,CA,,USW00024257
2018,Petersburg Fire,215.0,D,,,178.0,Jul,,Jan,4.0,41.085,-123.051,Siskiyou,47,CA,,USW00024257
2018,Beaver Fire,215.0,D,,,159.0,Jun,,Jan,4.0,36.37532,-120.862579,San Benito,35,CA,,USW00023233
2018,Rock Fire,207.0,D,,,205.0,Jul,,Jan,4.0,33.41476,-117.24044,San Diego,37,CA,,USW00003154
2018,Ribbon Fire,205.0,D,,,203.0,Jul,,Jan,4.0,33.571763,-116.500058,Riverside,33,CA,,USW00093138
2018,Water Fire,200.0,D,,,251.0,Sep,,Jan,4.0,34.91482,-118.92485,Kern,15,CA,,USW00023187
2018,Bear Fire,200.0,D,,,154.0,Jun,,Jan,4.0,37.33924,-120.24315,Merced,24,CA,,USW00023257
2018,Par Fire,191.0,D,,,181.0,Jul,,Jan,4.0,39.491737,-121.637759,Butte,4,CA,,USW00093205
2018,Peak Fire,186.0,D,,,312.0,Nov,,Jan,4.0,34.26734825,-118.64381589,Ventura,56,CA,,USW00023130
2018,Dinosaur Fire,185.0,D,,,164.0,Jun,,Jan,4.0,37.05876,-121.176354,Merced,24,CA,,USW00023277
2018,South Fire,175.0,D,,,156.0,Jun,,Jan,4.0,37.97638,-122.5275,Los Angeles,19,CA,,USW00093227
2018,Aliso Fire,175.0,D,,,149.0,Jun,,Jan,4.0,33.55132,-117.72044,Orange,30,CA,,USW00093184
2018,Ogilvy Fire,172.0,D,,,240.0,Sep,,Jan,4.0,34.576944,-119.61416,Santa Barbara,42,CA,,USW00023190
2018,Sierra Fire,170.0,D,,,170.0,Jun,,Jan,4.0,40.12791,-122.19792,Tehama,52,CA,,USW00024216
2018,Priest Fire,167.0,D,,,282.0,Oct,,Jan,4.0,36.18401,-120.69955,Monterey,27,CA,,USW00093209
2018,Roxie Fire (Formerly 1-1 Fire),167.0,D,,,201.0,Jul,,Jan,4.0,40.34822,-120.82497,Lassen,18,CA,,USW00023225
2018,Fork Fire,166.0,D,,,248.0,Sep,,Jan,4.0,34.2325,-117.846111,Los Angeles,19,CA,,USW00003102
2018,Flat Fire,163.0,D,,,171.0,Jun,,Jan,4.0,37.80785,-120.30187,Tuolumne,55,CA,,USW00023258
2018,Winters Fire,160.0,D,,,281.0,Oct,,Jan,4.0,38.45673,-121.94658,Solano,48,CA,,USW00093241
2018,Gorge Fire,155.0,D,,,227.0,Aug,,Jan,4.0,40.36888889,-122.89055556,Shasta,45,CA,,USW00024257
2018,Santiago Fire,155.0,D,,,158.0,Jun,,Jan,4.0,33.787838,-117.746625,Orange,30,CA,,USW00093184
2018,Euclid Fire,154.0,D,,,159.0,Jun,,Jan,4.0,33.925862,-117.654299,Riverside,33,CA,,USW00003179
2018,Irving Fire,152.0,D,,,249.0,Sep,,Jan,4.0,38.02447,-122.727,Marin,21,CA,,USW00093227
2018,Briggs Fire,150.0,D,,,315.0,Nov,,Jan,4.0,34.30166667,-119.09916667,Ventura,56,CA,,USW00023136
2018,Nacimiento Fire,150.0,D,,,271.0,Oct,,Jan,4.0,35.97677,-121.24898,Monterey,27,CA,,USW00093209
2018,Sliger Fire,150.0,D,,,243.0,Sep,,Jan,4.0,38.94388,-120.92611,El Dorado,9,CA,,USW00023225
2018,Sierra Fire,147.0,D,,,313.0,Nov,,Jan,4.0,34.18075,-117.43184,San Bernardino,36,CA,,USW00003102
2018,Parrots Fire,136.0,D,,,213.0,Aug,,Jan,4.0,38.08424,-120.46078,Calaveras,5,CA,,USW00023258
2018,Steele Fire,135.0,D,,,205.0,Jul,,Jan,4.0,38.51943,-122.18353,Napa,28,CA,,USW00093241
2018,Pico Fire,128.0,D,,,200.0,Jul,,Jan,4.0,34.38039,-118.60441,Los Angeles,19,CA,,USW00023130
2018,Open Fire,127.0,D,,,148.0,Jun,,Jan,4.0,39.46543,-122.65582,Glenn,11,CA,,USW00023275
2018,Shastina Fire,127.0,D,,,125.0,May,,Jan,4.0,41.65935,-122.48556,Siskiyou,47,CA,,USW00024257
2018,Sterling,125.0,D,,,239.0,Aug,,Jan,4.0,34.15475,-117.244366,San Bernardino,36,CA,,USW00003171
2018,Market Fire,120.0,D,,,293.0,Oct,,Jan,4.0,36.47766,-119.10433,Tulare,54,CA,,USW00053119
2018,Murphy Fire,117.0,D,,,215.0,Aug,,Jan,4.0,39.996944,-121.27,Plumas,32,CA,,USW00024216
2018,Idria Fire,116.0,D,,,189.0,Jul,,Jan,4.0,36.59036,-120.82355,San Benito,35,CA,,USW00023233
2018,Bridle Fire,116.0,D,,,183.0,Jul,,Jan,4.0,37.06367,-121.53586,Santa Clara,43,CA,,USW00023277
2018,Wheeler Fire,115.0,D,,,165.0,Jun,,Jan,4.0,37.707234,-120.199162,Mariposa,22,CA,,USW00023257
2018,Pine Fire,114.0,D,,,224.0,Aug,,Jan,4.0,35.56888889,-118.80138889,Kern,15,CA,,USW00023155
2018,Holiday Fire,113.0,D,,,183.0,Jul,,Jan,4.0,34.463889,-119.831389,Santa Barbara,42,CA,,USW00023190
2018,Windmill Fire,110.0,D,,,197.0,Jul,,Jan,4.0,34.62412,-120.22298,Santa Barbara,42,CA,,USW00023273
2018,Cobble Fire,108.0,D,,,142.0,May,,Jan,4.0,36.75581,-119.42172,Fresno,10,CA,,USW00093193
2018,Western Fire,106.0,D,,,209.0,Aug,,Jan,4.0,38.8802,-123.0496,Mendocino,23,CA,,USW00023275
2018,Cache Fire,103.0,D,,,234.0,Aug,,Jan,4.0,39.02017,-122.57496,Lake,17,CA,,USW00023275
2018,Jelly Fire,103.0,D,,,134.0,May,,Jan,4.0,40.31759,-122.21032,Tehama,52,CA,,USW00024216
2018,Cloverdale Fire,100.0,D,,,221.0,Aug,,Jan,4.0,33.0971179,-117.0242529,San Diego,37,CA,,USW00053120
2018,Balch Fire,100.0,D,,,204.0,Jul,,Jan,4.0,36.21634,-118.82989,Tulare,54,CA,,USW00053119
2018,Box Fire,100.0,D,,,183.0,Jul,,Jan,4.0,34.22526,-117.40967,San Bernardino,36,CA,,USW00003102
2018,Water Fire,100.0,D,,,140.0,May,,Jan,4.0,35.56922,-120.12441,San Luis Obispo,40,CA,,USW00093209
2018,Sam Fire,96.0,C,,,156.0,Jun,,Jan,4.0,35.9352,-121.11936,Monterey,27,CA,,USW00093209
2018,Sheep Fire,95.0,C,,,176.0,Jun,,Jan,4.0,35.1234,-118.72905,Kern,15,CA,,USW00023187
2018,Peach Fire ,90.0,C,,,182.0,Jul,,Jan,4.0,39.038859,-123.38493,Mendocino,23,CA,,USW00023275
2018,3-16 Fire,89.0,C,,,192.0,Jul,,Jan,4.0,40.94666,-121.27049,Lassen,18,CA,,USW00024257
2018,Horn Fire,88.0,C,,,308.0,Nov,,Jan,4.0,40.83116,-120.19336,Lassen,18,CA,,USW00023185
2018,Redinger Fire,88.0,C,,,235.0,Aug,,Jan,4.0,37.179167,-119.431667,Madera,20,CA,,USW00093193
2018,Plaza Fire,88.0,C,,,136.0,May,,Jan,4.0,37.056944,-121.01638,Merced,24,CA,,USW00023257
2018,Spring 2 Fire,80.0,C,,,186.0,Jul,,Jan,4.0,39.06715,-122.59789,Lake,17,CA,,USW00023275
2018,Horse Fire,80.0,C,,,171.0,Jun,,Jan,4.0,37.95766,-120.68902,Calaveras,5,CA,,USW00023258
2018,Cruces Fire,77.0,C,,,195.0,Jul,,Jan,4.0,34.54305556,-120.31805556,Santa Barbara,42,CA,,USW00023273
2018,Silver Fire,76.0,C,,,267.0,Sep,,Jan,4.0,40.5939,-122.17173,Shasta,45,CA,,USW00024257
2018,Anchor Fire,76.0,C,,,174.0,Jun,,Jan,4.0,36.696879,-119.304499,Fresno,10,CA,,USW00093193
2018,Stony Fire,75.0,C,,,181.0,Jul,,Jan,4.0,39.2976,-122.512012,Colusa,6,CA,,USW00023275
2018,Chrome Fire,75.0,C,,,144.0,May,,Jan,4.0,39.65578,-122.58666,Glenn,11,CA,,USW00024216
2018,Main Fire,73.0,C,,,114.0,Apr,,Jan,4.0,33.67815,-117.32281,Riverside,33,CA,,USW00003171
2018,Curie Fire,70.0,C,,,187.0,Jul,,Jan,4.0,37.22545,-121.79189,Santa Clara,43,CA,,USW00023293
2018,Tesla Fire,70.0,C,,,176.0,Jun,,Jan,4.0,37.66074,-121.67144,Santa Clara,43,CA,,USW00023285
2018,Spring Fire,70.0,C,,,160.0,Jun,,Jan,4.0,40.394073,-122.135924,Tehama,52,CA,,USW00024257
2018,Tornado Fire,70.0,C,,,120.0,May,,Jan,4.0,33.504964,-117.148204,Riverside,33,CA,,USW00003154
2018,Romero Fire,68.0,C,,,171.0,Jun,,Jan,4.0,37.08529,-121.09354,Merced,24,CA,,USW00023257
2018,Bumper Fire,67.0,C,,,209.0,Aug,,Jan,4.0,38.645,-120.874167,El Dorado,9,CA,,USW00023232
2018,Heart Fire,67.0,C,,,198.0,Jul,,Jan,4.0,39.279833,-123.258319,Mendocino,23,CA,,USW00023275
2018,Omega Fire,66.0,C,,,209.0,Aug,,Jan,4.0,38.82128,-121.03918,El Dorado,9,CA,,USW00023232
2018,Panoche Fire,64.0,C,,,151.0,Jun,,Jan,4.0,36.64832,-121.03253,San Benito,35,CA,,USW00023233
2018,Park Fire,63.0,C,,,276.0,Oct,,Jan,4.0,37.1769444,-121.68694444,Santa Clara,43,CA,,USW00023277
2018,Highland Fire,63.0,C,,,197.0,Jul,,Jan,4.0,40.741186,-122.649626,Shasta,45,CA,,USW00024257
2018,Benton Fire,63.0,C,,,181.0,Jul,,Jan,4.0,33.56349,-116.732032,Riverside,33,CA,,USW00093138
2018,Cherry Fire,63.0,C,,,174.0,Jun,,Jan,4.0,41.83359,-122.99272,Siskiyou,47,CA,,USW00024283
2018,Stuhr Fire,63.0,C,,,145.0,May,,Jan,4.0,37.32744,-121.10903,Stanislaus,50,CA,,USW00023258
2018,Lebec Fire,62.0,C,,,185.0,Jul,,Jan,4.0,34.86022,-118.87881,Kern,15,CA,,USW00023187
2018,Canyon Fire,62.0,C,,,170.0,Jun,,Jan,4.0,34.53765,-118.75495,Los Angeles,19,CA,,USW00023187
2018,Liberty Fire,62.0,C,,,158.0,Jun,,Jan,4.0,38.24033,-121.09199,San Joaquin,39,CA,,USW00023237
2018,Adams Fire,60.0,C,,,305.0,Nov,,Jan,4.0,40.346652,-122.308479,Tehama,52,CA,,USW00024257
2018,Grade Fire,60.0,C,,,238.0,Aug,,Jan,4.0,38.8275,-122.3625,Lake,17,CA,,USW00023213
2018,Raymond Fire,60.0,C,,,162.0,Jun,,Jan,4.0,37.14663,-119.91223,Madera,20,CA,,USW00093242
2018,Creston FIre,60.0,C,,,161.0,Jun,,Jan,4.0,35.58354,-120.624135,San Luis Obispo,40,CA,,USW00093209
2018,Vista Fire,60.0,C,,,160.0,Jun,,Jan,4.0,35.663607,-120.670311,San Luis Obispo,40,CA,,USW00093209
2018,Happy Fire,60.0,C,,,133.0,May,,Jan,4.0,34.74245,-120.18236,Santa Barbara,42,CA,,USW00023273
2018,Agua Fire,59.0,C,,,138.0,May,,Jan,4.0,33.35505,-117.03134,San Diego,37,CA,,USW00003154
2018,Camino Fire,58.0,C,,,288.0,Oct,,Jan,4.0,35.17693,-120.48861,San Luis Obispo,40,CA,,USW00093206
2018,3-10 Fire,56.0,C,,,192.0,Jul,,Jan,4.0,40.95234,-121.21597,Lassen,18,CA,,USW00024257
2018,Bruce Fire,56.0,C,,,185.0,Jul,,Jan,4.0,37.79718,-121.85311,Contra Costa,7,CA,,USW00023285
2018,Experimental Fire,56.0,C,,,139.0,May,,Jan,4.0,37.0979,-119.75307,Madera,20,CA,,USW00093242
2018,Keenbrook Fire,53.0,C,,,265.0,Sep,,Jan,4.0,34.24138,-117.42431,San Bernardino,36,CA,,USW00003102
2018,Copper Fire,53.0,C,,,261.0,Sep,,Jan,4.0,40.33642,-120.93005,Lassen,18,CA,,USW00024216
2018,Boyer Fire,53.0,C,,,162.0,Jun,,Jan,4.0,37.47677,-119.84299,Mariposa,22,CA,,USW00093242
2018,Kelley Fire,52.0,C,,,191.0,Jul,,Jan,4.0,41.50105,-120.61108,Modoc,25,CA,,USW00024257
2018,Reservoir Fire,51.0,C,,,255.0,Sep,,Jan,4.0,35.30151,-120.64398,San Luis Obispo,40,CA,,USW00093206
2018,Crestline Fire,51.0,C,,,201.0,Jul,,Jan,4.0,40.824,-121.90215,Shasta,45,CA,,USW00024257
2018,Hale Fire,51.0,C,,,187.0,Jul,,Jan,4.0,37.163594,-121.702547,Santa Clara,43,CA,,USW00023277
2018,Carder Fire,50.0,C,,,198.0,Jul,,Jan,4.0,38.91152,-122.86854,Lake,17,CA,,USW00023275
2018,Tuscan Fire,50.0,C,,,192.0,Jul,,Jan,4.0,40.27754,-122.11375,Tehama,52,CA,,USW00024216
2018,Haycamp Fire,50.0,C,,,35.0,Feb,,Jan,3.0,35.96689,-121.28185,Monterey,27,CA,,USW00093209
2018,Castro Fire,48.0,C,,,234.0,Aug,,Jan,4.0,37.69926,-122.02805,Alameda,1,CA,,USW00093228
2018,Buckingham Fire,45.0,C,,,179.0,Jul,,Jan,4.0,37.86339,-122.12351,Contra Costa,7,CA,,USW00023254
2018,Bridge Fire,45.0,C,,,361.0,Dec,,Jan,4.0,38.07135,-122.76751,Marin,21,CA,,USW00093227
2018,Simmons Fire,43.0,C,,,196.0,Jul,,Jan,4.0,39.57202,-121.43131,Butte,4,CA,,USW00093205
2018,Martinez Fire,40.0,C,,,200.0,Jul,,Jan,4.0,33.56921,-116.154398,Riverside,33,CA,,USW00003104
2018,Ben Fire,40.0,C,,,196.0,Jul,,Jan,4.0,37.28365,-119.97546,Mariposa,22,CA,,USW00093242
2018,Iron Fire,40.0,C,,,166.0,Jun,,Jan,4.0,37.779209,-121.908976,Contra Costa,7,CA,,USW00023285
2018,Oregon Fire,40.0,C,,,163.0,Jun,,Jan,4.0,39.549167,-121.521111,Butte,4,CA,,USW00093205
2018,Hidden Fire,39.0,C,,,202.0,Jul,,Jan,4.0,36.796,-121.40604,San Benito,35,CA,,USW00023233
2018,Masonic Fire,38.0,C,,,283.0,Oct,,Jan,4.0,40.60866,-122.38366,Shasta,45,CA,,USW00024257
2018,Adobe Fire,38.0,C,,,150.0,Jun,,Jan,4.0,32.78031,-117.06782,San Diego,37,CA,,USW00003131
2018,Mustang Fire,37.0,C,,,198.0,Jul,,Jan,4.0,35.64917,-120.71907,San Luis Obispo,40,CA,,USW00093209
2018,Martin Fire,37.0,C,,,150.0,Jun,,Jan,4.0,41.58233,-122.33769,Siskiyou,47,CA,,USW00024257
2018,Ridge Fire,36.0,C,,,241.0,Sep,,Jan,4.0,38.981389,-122.97222,Lake,17,CA,,USW00023275
2018,Winchester Fire,36.0,C,,,235.0,Aug,,Jan,4.0,33.640051,-117.085354,Riverside,33,CA,,USW00003154
2018,Brushy Fire,35.0,C,,,308.0,Nov,,Jan,4.0,39.62194,-123.28774,Mendocino,23,CA,,USW00023275
2018,Terra Fire,35.0,C,,,214.0,Aug,,Jan,4.0,33.759722,-117.460278,Riverside,33,CA,,USW00003171
2018,Corner Fire,35.0,C,,,206.0,Jul,,Jan,4.0,40.95673,-121.6002,Shasta,45,CA,,USW00024257
2018,Fairview Fire,35.0,C,,,150.0,Jun,,Jan,4.0,36.83036,-121.36446,San Benito,35,CA,,USW00023233
2018,Marcel Fire,34.0,C,,,225.0,Aug,,Jan,4.0,35.17156,-118.51651,Kern,15,CA,,USW00023187
2018,Patterson Fire,34.0,C,,,202.0,Jul,,Jan,4.0,37.71173,-121.55604,Alameda,1,CA,,USW00023285
2018,Horse Creek Fire,34.0,C,,,196.0,Jul,,Jan,4.0,36.42638,-118.70443,Tulare,54,CA,,USW00053119
2018,Nimshew Fire,33.0,C,,,263.0,Sep,,Jan,4.0,39.84151,-121.62168,Butte,4,CA,,USW00024216
2018,Lariat Fire,33.0,C,,,191.0,Jul,,Jan,4.0,40.00293,-122.44008,Tehama,52,CA,,USW00024216
2018,Creek Fire,33.0,C,,,177.0,Jun,,Jan,4.0,34.17711,-117.15381,San Bernardino,36,CA,,USW00003171
2018,Wilcox Fire,33.0,C,,,46.0,Feb,,Jan,3.0,0.0,0.0,Tulare,54,CA,,USW00023154
2018,Eagle Fire,32.0,C,,,271.0,Oct,,Jan,4.0,36.938674,-119.3127769,Fresno,10,CA,,USW00093193
2018,Country Fire,32.0,C,,,233.0,Aug,,Jan,4.0,33.97902,-117.20534,Riverside,33,CA,,USW00003171
2018,3-18 Fire,32.0,C,,,192.0,Jul,,Jan,4.0,41.08583,-121.05722,Lassen,18,CA,,USW00024257
2018,Creek Fire,32.0,C,,,163.0,Jun,,Jan,4.0,38.886518,-122.476381,Lake,17,CA,,USW00023213
2018,Vista Fire,31.0,C,,,185.0,Jul,,Jan,4.0,40.62693,-122.23449,Shasta,45,CA,,USW00024257
2018,Quimby Fire,30.0,C,,,262.0,Sep,,Jan,4.0,37.33563,-121.75815,Santa Clara,43,CA,,USW00023293
2018,Alhambra Fire,30.0,C,,,225.0,Aug,,Jan,4.0,37.99618,-122.14097,Contra Costa,7,CA,,USW00023254
2018,Creek Fire,30.0,C,,,212.0,Aug,,Jan,4.0,37.533026,-121.79733,Alameda,1,CA,,USW00023285
2018,Sobrante Fire,30.0,C,,,205.0,Jul,,Jan,4.0,33.85852,-117.43521,Riverside,33,CA,,USW00003171
2018,Rock Fire,30.0,C,,,198.0,Jul,,Jan,4.0,35.68539,-120.95157,San Luis Obispo,40,CA,,USW00093209
2018,Grant Fire,30.0,C,,,176.0,Jun,,Jan,4.0,38.595865,-121.17693,Sacramento,34,CA,,USW00023232
2018,Aqueduct Fire,30.0,C,,,99.0,Apr,,Jan,3.0,35.92436,-119.94083,Fresno,10,CA,,USW00023110
2018,Border Fire,28.0,C,,,194.0,Jul,,Jan,4.0,32.557566,-116.8663,San Diego,37,CA,,USW00003178
2018,Ager Fire,27.0,C,,,135.0,May,,Jan,4.0,41.791859,-122.513883,Siskiyou,47,CA,,USW00024257
2018,White Fire,26.0,C,,,134.0,May,,Jan,4.0,35.826333,-118.9821,Tulare,54,CA,,USW00023155
2018,Soboba Fire,25.0,C,,,253.0,Sep,,Jan,4.0,33.80406,-116.93188,Riverside,33,CA,,USW00093138
2018,Willow Fire,25.0,C,,,163.0,Jun,,Jan,4.0,38.015323,-121.998967,Contra Costa,7,CA,,USW00023254
2018,Vineyard Fire,25.0,C,,,145.0,May,,Jan,4.0,35.71859,-120.64028,San Luis Obispo,40,CA,,USW00093209
2018,Kelsey Fire,24.0,C,,,242.0,Sep,,Jan,4.0,38.91842,-122.85276,Lake,17,CA,,USW00023275
2018,Land Fire,23.0,C,,,230.0,Aug,,Jan,4.0,33.946896,-117.066643,Riverside,33,CA,,USW00003171
2018,Glen Fire,23.0,C,,,149.0,Jun,,Jan,4.0,37.99113,-121.86473,Contra Costa,7,CA,,USW00023254
2018,Plymire Fire,23.0,C,,,148.0,Jun,,Jan,4.0,40.201826,-122.29388,Tehama,52,CA,,USW00024216
2018,Wagner Fire,22.0,C,,,212.0,Aug,,Jan,4.0,37.69965,-120.0545,Mariposa,22,CA,,USW00023257
2018,Meadow Fire,21.0,C,,,96.0,Apr,,Jan,3.0,33.86439,-117.48144,Riverside,33,CA,,USW00003171
2018,Morgan Fire,20.0,C,,,315.0,Nov,,Jan,4.0,37.81111,-121.7944,Contra Costa,7,CA,,USW00023285
2018,Niles Fire,20.0,C,,,314.0,Nov,,Jan,4.0,37.61158,-121.94182,Alameda,1,CA,,USW00023285
2018,Church Fire,20.0,C,,,202.0,Jul,,Jan,4.0,37.07793,-121.600023,Santa Clara,43,CA,,USW00023277
2018,Vallecitos Fire,20.0,C,,,164.0,Jun,,Jan,4.0,37.627119,-121.806775,Alameda,1,CA,,USW00023285
2018,Bridle Fire,20.0,C,,,161.0,Jun,,Jan,4.0,33.524412,-116.821724,Riverside,33,CA,,USW00093138
2018,70 Fire,20.0,C,,,161.0,Jun,,Jan,4.0,39.602703,-121.617698,Butte,4,CA,,USW00093205
2018,Portola Fire ,20.0,C,,,159.0,Jun,,Jan,4.0,34.110516,-118.427886,Los Angeles,19,CA,,USW00093197
2018,French Fire,20.0,C,,,112.0,Apr,,Jan,4.0,39.89075,-120.18499,Plumas,32,CA,,USW00023185
2018,Jacques Fire,18.0,C,,,125.0,May,,Jan,4.0,33.40178,-117.27467,San Diego,37,CA,,USW00003154
2018,Lago Fire,18.0,C,,,109.0,Apr,,Jan,3.0,33.88744,-117.16232,Riverside,33,CA,,USW00003171
2018,Rincon Fire,17.0,C,,,303.0,Nov,,Jan,4.0,37.0125,-122.046,Santa Cruz,44,CA,,USW00023277
2018,China Fire,17.0,C,,,164.0,Jun,,Jan,4.0,38.265645,-120.892404,Amador,3,CA,,USW00023237
2018,Ethanac Fire,17.0,C,,,150.0,Jun,,Jan,4.0,33.742,-117.28189,Riverside,33,CA,,USW00003171
2018,Oak Fire,16.0,C,,,220.0,Aug,,Jan,4.0,39.10494,-121.07039,Nevada,29,CA,,USW00023225
2018,Johnson Fire,16.0,C,,,192.0,Jul,,Jan,4.0,41.34453,-123.85404,Humboldt,12,CA,,USW00024283
2018,Keeler Fire,16.0,C,,,143.0,May,,Jan,4.0,37.21803,-121.76828,Santa Clara,43,CA,,USW00023293
2018,Iron Gate Fire,15.0,C,,,279.0,Oct,,Jan,4.0,41.94046,-122.43933,Siskiyou,47,CA,,USW00024257
2018,Essex Fire,15.0,C,,,241.0,Sep,,Jan,4.0,41.52123,-120.72362,Modoc,25,CA,,USW00024257
2018,Woodchuck Fire,15.0,C,,,120.0,May,,Jan,4.0,33.467999,-117.003829,Riverside,33,CA,,USW00003154
2018,Tyler Fire,15.0,C,,,102.0,Apr,,Jan,3.0,33.711263,-116.164058,Riverside,33,CA,,USW00003104
2018,Casner Fire,14.0,C,,,214.0,Aug,,Jan,4.0,33.05737,-116.77154,San Diego,37,CA,,USW00053120
2018,Camp Fire,14.0,C,,,194.0,Jul,,Jan,4.0,35.70086,-120.97339,San Luis Obispo,40,CA,,USW00093209
2018,3-2 Fire,14.0,C,,,191.0,Jul,,Jan,4.0,39.99309,-120.02137,Lassen,18,CA,,USW00023185
2018,Madison FIre,14.0,C,,,148.0,Jun,,Jan,4.0,38.64953,-122.01762,Yolo,57,CA,,USW00093241
2018,Ranchera Fire,13.0,C,,,243.0,Sep,,Jan,4.0,40.678889,-122.400556,Shasta,45,CA,,USW00024257
2018,Cinnamon Fire,13.0,C,,,197.0,Jul,,Jan,4.0,33.04898,-116.78928,San Diego,37,CA,,USW00053120
2018,Coldwell Fire,13.0,C,,,149.0,Jun,,Jan,4.0,36.10499,-120.55324,Fresno,10,CA,,USW00093209
2018,Tower Fire,12.0,C,,,283.0,Oct,,Jan,4.0,40.49618,-122.51597,Shasta,45,CA,,USW00024257
2018,Meyers Fire,12.0,C,,,259.0,Sep,,Jan,4.0,38.7448,-120.65672,El Dorado,9,CA,,USW00023225
2018,Gray Fire,12.0,C,,,190.0,Jul,,Jan,4.0,34.171786,-117.35606,San Bernardino,36,CA,,USW00003171
2018,School Fire,12.0,C,,,187.0,Jul,,Jan,4.0,37.22791,-119.50461,Madera,20,CA,,USW00093193
2018,Mission Fire,12.0,C,,,156.0,Jun,,Jan,4.0,37.97638,-122.5275,Marin,21,CA,,USW00093227
2018,Vista Fire,12.0,C,,,152.0,Jun,,Jan,4.0,33.40769,-117.22974,San Diego,37,CA,,USW00003154
2018,Meamber Fire,12.0,C,,,151.0,Jun,,Jan,4.0,41.64805,-122.98442,Siskiyou,47,CA,,USW00024283
2018,Resort Fire,12.0,C,,,150.0,Jun,,Jan,4.0,35.75737,-120.91793,San Luis Obispo,40,CA,,USW00093209
2018,Bellagio Fire,12.0,C,,,137.0,May,,Jan,4.0,38.16303,-122.23059,Napa,28,CA,,USW00093227
2018,Grant Fire,12.0,C,,,130.0,May,,Jan,4.0,37.73835,-121.6039,Alameda,1,CA,,USW00023285
2018,Volcan Fire,12.0,C,,,126.0,May,,Jan,4.0,33.12213,-116.58759,San Diego,37,CA,,USW00053120
2018,Dark Fire,11.0,C,,,187.0,Jul,,Jan,4.0,39.66492,-121.51772,Butte,4,CA,,USW00093205
2018,Cornerstone Fire,11.0,C,,,186.0,Jul,,Jan,4.0,37.19817,-119.80414,Madera,20,CA,,USW00093242
2018,Grande Fire,11.0,C,,,150.0,Jun,,Jan,4.0,33.47413,-117.31468,Riverside,33,CA,,USW00003154
2018,Rock Fire,11.0,C,,,83.0,Mar,,Jan,3.0,40.4635,-121.77419,Shasta,45,CA,,USW00024257
2018,Bear Fire ,10.0,C,,,316.0,Nov,,Jan,4.0,37.12857,-122.12036,Santa Cruz,44,CA,,USW00023293
2018,Green Hill Fire,10.0,C,,,312.0,Nov,,Jan,4.0,40.888785,-124.001849,Humboldt,12,CA,,USW00024283
2018,Powellton Fire,10.0,C,,,284.0,Oct,,Jan,4.0,39.93427,-121.54103,Butte,4,CA,,USW00024216
2018,Keller Fire,10.0,C,,,227.0,Aug,,Jan,4.0,33.627006,-117.171731,Riverside,33,CA,,USW00003154
2018,Syar Fire,10.0,C,,,217.0,Aug,,Jan,4.0,38.27229,-122.26389,Napa,28,CA,,USW00093227
2018,Lott Fire,10.0,C,,,194.0,Jul,,Jan,4.0,41.632373,-122.37985,Siskiyou,47,CA,,USW00024257
2018,Building Fire,10.0,C,,,183.0,Jul,,Jan,4.0,32.619855,-116.764733,San Diego,37,CA,,USW00003178
2018,Llano Fire,10.0,C,,,176.0,Jun,,Jan,4.0,39.6139,-121.954098,Butte,4,CA,,USW00024216
2018,Creek Fire,10.0,C,,,168.0,Jun,,Jan,4.0,35.05747,-120.39295,San Luis Obispo,40,CA,,USW00023273
2018,Ranchita Fire,10.0,C,,,166.0,Jun,,Jan,4.0,35.77017,-120.57833,Monterey,27,CA,,USW00093209
2018,Pallet Fire,10.0,C,,,152.0,Jun,,Jan,4.0,38.245151,-122.44408,Sonoma,49,CA,,USW00093227
2018,Green Fire,10.0,C,,,150.0,Jun,,Jan,4.0,32.75072,-116.92404,San Diego,37,CA,,USW00003178
2018,Black Fire,10.0,C,,,150.0,Jun,,Jan,4.0,39.80827,-122.3307,Tehama,52,CA,,USW00024216
2018,Jardin Fire,10.0,C,,,149.0,Jun,,Jan,4.0,33.45014,-117.22215,Riverside,33,CA,,USW00003154
2018,70th Fire,10.0,C,,,144.0,May,,Jan,4.0,33.53924,-116.10231,Riverside,33,CA,,USW00003104
2018,Honey Flooding,0.0,A,,,329.0,Nov,,Jan,4.0,39.71217,-121.77385,Butte,4,CA,,USW00024216
2018,Grape Fire,0.0,A,,,111.0,Apr,,Jan,3.0,40.70258,-123.55012,Humboldt,12,CA,,USW00024213
2018,Montecito Flooding / Mudflows,0.0,A,,,6.0,Jan,,Jan,3.0,0.0,0.0,Santa Barbara,"42,56",CA,,USW00023154
2018,Montecito Flooding / Mudflows,0.0,A,,,6.0,Jan,,Jan,3.0,0.0,0.0,Ventura,"42,56",CA,,USW00023154
2019,Easy Fire,1806.0,F,,,3.0,Oct,,Nov,306.0,34.282179,-118.803389,Ventura,56,CA,,USW00023136
2019,Rawson Fire,605.0,E,,,1.0,Oct,,Oct,301.0,40.00171,-122.25421,Tehama,52,CA,,USW00024216
2019,Hill Fire ,494.0,E,,,3.0,Oct,,Nov,306.0,34.01778,-117.4625,Riverside,33,CA,,USW00003171
2019,Cross Fire,289.0,D,,,2.0,Oct,,Oct,284.0,35.79069,-120.73102,Monterey,"27,40",CA,,USW00093209
2019,Cross Fire,289.0,D,,,2.0,Oct,,Oct,284.0,35.79069,-120.73102,San Luis Obispo,"27,40",CA,,USW00093209
2019,Mud Fire ,137.0,D,,,1.0,Oct,,Oct,292.0,36.319291,-120.460189,Fresno,10,CA,,USW00023110
2019,Wolf Fire,75.0,C,,,2.0,Oct,,Oct,285.0,33.8615,-116.897333,Riverside,33,CA,,USW00093138
2019,Miller Fire,37.0,C,,,2.0,Oct,,Oct,300.0,33.259861,-117.027333,San Diego,37,CA,,USW00053120
2019,Mines Fire,35.0,C,,,3.0,Oct,,Oct,300.0,37.62782,-121.68598,Alameda,1,CA,,USW00023285
2019,Whiskey Fire,27.0,C,,,2.0,Jul,,Jul,201.0,38.115224,-120.78068,Calaveras,5,CA,,USW00023237
2019,La Barisa Fire,26.0,C,,,1.0,Aug,,Aug,216.0,34.202883,-116.4449,San Bernardino,36,CA,,USW00093121
2019,Vista Fire,25.0,C,,,1.0,Jul,,Jul,199.0,32.794768,-116.839743,San Diego,37,CA,,USW00053120
2019,Deer Fire,10.0,C,,,3.0,Sep,,Sep,249.0,37.178353,-122.07743,Santa Cruz,44,CA,,USW00023293
2019,Kincade Fire,77758.0,G,,,14.0,Oct,,Nov,310.0,38.792458,-122.780053,Sonoma,49,CA,,USW00023213
2019,Tucker Fire,14217.0,G,,,14.0,Jul,,Aug,223.0,41.79591,-121.260305,Modoc,25,CA,,USW00024257
2019,Taboose Fire,10296.0,G,,,76.0,Sep,,Nov,325.0,37.034,-118.345,Inyo,14,CA,,USW00023157
2019,Maria Fire ,9999.0,G,,,6.0,Oct,,Nov,310.0,34.302212,-118.997115,Ventura,56,CA,,USW00023136
2019,Red Bank Fire,8838.0,G,,,8.0,Sep,,Sep,256.0,40.12,-122.64,Tehama,52,CA,,USW00024216
2019,Saddle Ridge Fire,8799.0,G,,,21.0,Oct,,Oct,304.0,34.32988,-118.48161,Los Angeles,19,CA,,USW00023130
2019,Lone Fire,5737.0,G,,,7.0,Sep,,Sep,256.0,41.748,-121.056,Modoc,25,CA,,USW00024257
2019,South Fire,5332.0,G,,,88.0,Sep,,Dec,336.0,40.109,-122.789,Tehama,52,CA,,USW00024216
2019,R-1 Fire,3380.0,F,,,7.0,Aug,,Sep,247.0,40.593,-120.581,Lassen,18,CA,,USW00023185
2019,Cave Fire (No Longer a CAL FIRE Incident),3126.0,F,,,19.0,Nov,,Dec,348.0,34.5025,-119.785,Santa Barbara,42,CA,,USW00023190
2019,Ranch Fire,2534.0,F,,,11.0,Nov,,Nov,318.0,40.036379,-122.637837,Tehama,52,CA,,USW00024216
2019,Sand Fire,2512.0,F,,,9.0,Jun,,Jun,168.0,38.88978,-122.23922,Yolo,57,CA,,USW00093241
2019,Refuge Fire,2500.0,F,,,2.0,May,,May,129.0,35.72057,-119.62762,Kern,15,CA,,USW00023155
2019,Long Valley Fire ,2438.0,F,,,3.0,Aug,,Aug,239.0,39.892222,-120.029722,Lassen,18,CA,,USW00023185
2019,Rock Fire,2422.0,F,,,1.0,Jun,,Jun,178.0,37.46577,-121.28312,Stanislaus,50,CA,,USW00023258
2019,Cow Fire,1975.0,F,,,76.0,Sep,,Nov,325.0,36.284,-118.228,Inyo,14,CA,,USW00093104
2019,Tenaja,1926.0,F,,,10.0,Sep,,Sep,257.0,33.528469,-117.273157,Riverside,33,CA,,USW00003154
2019,McMillan Fire,1764.0,F,,,12.0,Jun,,Jun,175.0,35.66318,-120.41128,San Luis Obispo,40,CA,,USW00093209
2019,West Butte Fire,1350.0,F,,,9.0,Jun,,Jun,168.0,39.28926,-121.85906,Sutter,51,CA,,USW00093205
2019,Boulder Fire,1127.0,F,,,6.0,Jun,,Jun,162.0,35.343761,-119.913717,San Luis Obispo,40,CA,,USW00093206
2019,W1 McDonald Fire,1020.0,F,,,3.0,Aug,,Aug,223.0,40.943799,-120.275298,Lassen,18,CA,,USW00023185
2019,Gillis Fire,974.0,E,,,1.0,Jul,,Jul,190.0,35.63111111,-120.26916667,San Luis Obispo,40,CA,,USW00093209
2019,Belmont Fire,835.0,E,,,5.0,May,,Jun,154.0,35.30759,-119.96498,San Luis Obispo,40,CA,,USW00093206
2019,Marsh Complex,757.0,E,,,3.0,Aug,,Aug,218.0,37.908362,-121.872941,Contra Costa,7,CA,,USW00023254
2019,Getty Fire ,745.0,E,,,8.0,Oct,,Nov,309.0,34.098191,-118.478717,Los Angeles,19,CA,,USW00093197
2019,Burris Fire,703.0,E,,,7.0,Oct,,Nov,307.0,39.22431,-123.12887,Mendocino,23,CA,,USW00023275
2019,Mountain Fire,600.0,E,,,4.0,Aug,,Aug,238.0,40.715556,-122.241944,Shasta,45,CA,,USW00024257
2019,Stuhr Fire,600.0,E,,,4.0,Jun,,Jun,162.0,37.25988,-121.09375,Stanislaus,50,CA,,USW00023258
2019,American Fire,526.0,E,,,1.0,Oct,,Oct,280.0,38.165873,-122.211671,Napa,28,CA,,USW00093227
2019,Jerry Fire,525.0,E,,,3.0,Jun,,Jun,175.0,33.919507,-117.103765,Riverside,33,CA,,USW00003171
2019,Swedes Fire,496.0,E,,,6.0,Sep,,Sep,256.0,39.45296,-121.412619,Butte,4,CA,,USW00093205
2019,Caliente Fire,448.0,E,,,2.0,Aug,,Aug,215.0,32.575556,-117.026667,San Diego,37,CA,,USW00003178
2019,Real Fire,420.0,E,,,4.0,Oct,,Oct,294.0,34.484722,-120.190833,Santa Barbara,42,CA,,USW00023190
2019,Reche Fire,350.0,E,,,3.0,Oct,,Oct,286.0,33.975405,-117.207068,Riverside,33,CA,,USW00003171
2019,46 Fire,328.0,E,,,3.0,Oct,,Nov,307.0,33.985972,-117.414111,Riverside,33,CA,,USW00003171
2019,Hollow Fire,283.0,D,,,2.0,Jul,,Jul,186.0,37.63206,-121.538382,San Joaquin,39,CA,,USW00023285
2019,Rams Horn Fire,280.0,D,,,5.0,Sep,,Sep,255.0,41.150392,-122.634108,Trinity,53,CA,,USW00024257
2019,Mill Fire,280.0,D,,,13.0,Jul,,Aug,224.0,36.008889,-121.466944,Monterey,27,CA,,USW00023259
2019,Snail Fire,279.0,D,,,4.0,Sep,,Sep,248.0,34.71011,-119.3547,Ventura,56,CA,,USW00023190
2019,Snowstorm Fire,263.0,D,,,1.0,Jul,,Jul,187.0,40.679318,-120.392768,Lassen,18,CA,,USW00023185
2019,R-6 Fire,260.0,D,,,5.0,Sep,,Sep,254.0,44.734,-120.606,Lassen,18,CA,,USW00024128
2019,Citrus Fire,257.0,D,,,9.0,Jun,,Jun,162.0,36.18479,-118.99229,Tulare,54,CA,,USW00053119
2019,Sycamore Fire,250.0,D,,,1.0,Sep,,Sep,251.0,33.9369,-117.3063,Riverside,33,CA,,USW00003171
2019,Henthorne Fire,244.0,D,,,13.0,Sep,,Sep,261.0,40.062304,-123.222196,Trinity,53,CA,,USW00024216
2019,Kidder 2 Fire,227.0,D,,,19.0,Sep,,Sep,269.0,41.4929742,-123.2129356,Siskiyou,47,CA,,USW00024283
2019,Moose Fire,225.0,D,,,5.0,Aug,,Aug,229.0,39.005262,-123.195306,Mendocino,23,CA,,USW00023275
2019,Lopez Fire,220.0,D,,,6.0,Sep,,Sep,270.0,35.214364,-120.455883,San Luis Obispo,40,CA,,USW00093206
2019,Wolf Fire ,214.0,D,,,1.0,Jun,,Jun,181.0,33.911,-116.980528,Riverside,33,CA,,USW00003171
2019,Madera Fire ,213.0,D,,,1.0,Jul,,Jul,197.0,37.016944,-119.934167,Madera,20,CA,,USW00093242
2019,Merced Fire ,210.0,D,,,3.0,Jun,,Jul,183.0,37.312877,-120.242411,Merced,24,CA,,USW00023257
2019,Malech Fire,210.0,D,,,2.0,Jun,,Jun,162.0,37.21638,-121.70768,Santa Clara,43,CA,,USW00023293
2019,Lumgrey Fire,207.0,D,,,7.0,Jun,,Jun,175.0,39.28926,-121.85906,Siskiyou,47,CA,,USW00093205
2019,Milton Fire ,202.0,D,,,1.0,Jul,,Jul,197.0,37.944751,-120.84372,Stanislaus,50,CA,,USW00023237
2019,Hillside Fire,200.0,D,,,5.0,Oct,,Nov,309.0,34.183,-117.285,San Bernardino,36,CA,,USW00003171
2019,Cypress Complex,200.0,D,,,1.0,Oct,,Oct,301.0,37.99136,-121.64118,Contra Costa,7,CA,,USW00023254
2019,Olivas Fire,200.0,D,,,1.0,Oct,,Oct,285.0,34.23955,-119.20187,Ventura,56,CA,,USW00093110
2019,McMurray Fire,200.0,D,,,5.0,Sep,,Sep,257.0,34.630919,-120.187368,Santa Barbara,42,CA,,USW00023273
2019,Doyle Fire,193.0,D,,,2.0,Jul,,Jul,197.0,40.072739,-120.158273,Lassen,18,CA,,USW00023185
2019,Sargent Fire,190.0,D,,,1.0,Jul,,Jul,191.0,35.95191,-120.8092,Monterey,27,CA,,USW00093209
2019,Vulcan Fire,172.0,D,,,5.0,May,,May,128.0,35.03855,-119.19454,Kern,15,CA,,USW00023155
2019,Bautista Fire,167.0,D,,,7.0,Sep,,Sep,265.0,33.635,-116.801111,Riverside,33,CA,,USW00093138
2019,Antelope Fire,167.0,D,,,1.0,Sep,,Sep,246.0,36.600167,-120.8405,San Benito,35,CA,,USW00023233
2019,York Fire,161.0,D,,,57.0,Apr,,Jun,175.0,35.81778,-120.09715,Kings,16,CA,,USW00093209
2019,Cottage Fire,156.0,D,,,2.0,Aug,,Aug,229.0,40.484329,-122.159393,Shasta,45,CA,,USW00024257
2019,Five Fire,156.0,D,,,2.0,Aug,,Aug,217.0,34.677864,-118.752395,Los Angeles,19,CA,,USW00023187
2019,Spruce Fire,155.0,D,,,10.0,Jun,,Jun,162.0,36.28001,-119.10974,Tulare,54,CA,,USW00053119
2019,Sky Fire ,150.0,D,,,1.0,Oct,,Oct,301.0,38.03545,-122.2241,Contra Costa,7,CA,,USW00023254
2019,Dyer Fire,148.0,D,,,1.0,Jun,,Jun,178.0,38.73817,-121.39419,Placer,31,CA,,USW00023232
2019,Canyon Fire,144.0,D,,,12.0,May,,Jun,162.0,37.45899,-121.22093,Santa Clara,43,CA,,USW00023258
2019,Glencove Fire ,140.0,D,,,1.0,Oct,,Oct,301.0,38.07205,-122.22463,Solano,48,CA,,USW00093227
2019,Horse Fire,131.0,D,,,3.0,Aug,,Aug,239.0,40.562,-120.544,Lassen,18,CA,,USW00023185
2019,South Fire ,131.0,D,,,1.0,Jul,,Jul,196.0,34.366111,-118.96,Ventura,56,CA,,USW00023136
2019,Shady Fire,130.0,D,,,6.0,May,,May,144.0,33.650237,-116.172534,Riverside,33,CA,,USW00003104
2019,Reservoir Fire,128.0,D,,,3.0,Sep,,Sep,267.0,37.467744,-121.842751,Santa Clara,43,CA,,USW00023293
2019,Goose 2 Fire,128.0,D,,,3.0,Jul,,Jul,201.0,41.909,-120.306,Modoc,25,CA,,USW00024257
2019,Hill Fire,121.0,D,,,7.0,May,,Jun,156.0,36.66909,-119.3046,Fresno,10,CA,,USW00093193
2019,Weisgarber Fire,120.0,D,,,1.0,Jun,,Jun,172.0,33.39684,-117.29665,San Diego,37,CA,,USW00003154
2019,Bitter Fire ,120.0,D,,,1.0,Jun,,Jun,162.0,35.57376,-120.11738,San Luis Obispo,40,CA,,USW00093209
2019,Woody Fire,115.0,D,,,8.0,Apr,,May,128.0,35.65189,-118.92545,Kern,15,CA,,USW00023155
2019,Range Fire,100.0,D,,,8.0,Jul,,Aug,217.0,34.665699,-119.94974,Santa Barbara,42,CA,,USW00023190
2019,Border Fire,100.0,D,,,3.0,Jul,,Jul,196.0,32.566389,-116.7525,San Diego,37,CA,,USW00003178
2019,Kennedy Fire,98.0,C,,,1.0,Sep,,Sep,265.0,33.900994,-117.170588,Riverside,33,CA,,USW00003171
2019,Sawday Fire ,97.0,C,,,3.0,Oct,,Oct,301.0,33.055124,-116.742508,San Diego,37,CA,,USW00053120
2019,Toro Fire ,94.0,C,,,1.0,Aug,,Aug,218.0,33.740219,-117.333728,Riverside,33,CA,,USW00003171
2019,Country Fire,85.0,C,,,3.0,Sep,,Sep,249.0,38.898915,-120.946657,El Dorado,9,CA,,USW00023225
2019,Tulloch Fire,83.0,C,,,1.0,Sep,,Sep,267.0,37.838333,-120.625556,Tuolumne,55,CA,,USW00023258
2019,Meadow Fire,81.0,C,,,1.0,Jul,,Jul,198.0,33.514658,-116.7884,Riverside,33,CA,,USW00093138
2019,Border 9 Fire,80.0,C,,,1.0,Aug,,Aug,228.0,32.57394,-116.760465,San Diego,37,CA,,USW00003178
2019,Lincoln Fire,80.0,C,,,5.0,Jul,,Jul,198.0,33.56938,-116.07896,Riverside,33,CA,,USW00003104
2019,Eagle Fire,75.0,C,,,1.0,Nov,,Nov,310.0,39.100408,-122.496548,Lake,17,CA,,USW00023275
2019,Levee Fire,70.0,C,,,9.0,Jun,,Jun,168.0,39.15641,-121.56363,Yuba,58,CA,,USW00093205
2019,Jolon Fire,66.0,C,,,1.0,Sep,,Sep,245.0,35.906482,-120.992914,Monterey,27,CA,,USW00093209
2019,Sugar Fire,65.0,C,,,14.0,May,,May,144.0,39.11536,-120.76088,Placer,31,CA,,USW00023225
2019,Elk Fire,63.0,C,,,1.0,Oct,,Oct,276.0,41.70611111,-123.4375,Glenn,11,CA,,USW00024283
2019,Paskenta Fire,63.0,C,,,4.0,May,,May,144.0,39.98097,-122.30737,Tehama,52,CA,,USW00024216
2019,Cabrillo Fire,62.0,C,,,3.0,Oct,,Oct,300.0,37.166674,-122.361112,San Mateo,41,CA,,USW00023244
2019,Forbestown Fire,58.0,C,,,6.0,Sep,,Sep,255.0,39.470333,-121.412333,Butte,4,CA,,USW00093205
2019,Horse Fire,55.0,C,,,3.0,Oct,,Oct,289.0,40.387772,-120.304341,Lassen,18,CA,,USW00023185
2019,66 Fire,55.0,C,,,26.0,May,,Jun,175.0,33.57039,-116.1466,Riverside,33,CA,,USW00003104
2019,Oak Fire,53.0,C,,,1.0,Sep,,Sep,251.0,38.955024,-122.833831,Lake,17,CA,,USW00023275
2019,Forest Fire,50.0,C,,,1.0,Oct,,Oct,301.0,37.97911,-122.11092,Contra Costa,7,CA,,USW00023254
2019,Ink Fire,50.0,C,,,9.0,Jun,,Jun,168.0,38.63047,-122.47282,Napa,28,CA,,USW00023213
2019,Meridian Fire,50.0,C,,,7.0,May,,May,128.0,39.85484,-121.905,Butte,4,CA,,USW00024216
2019,Springs Fire,47.0,C,,,1.0,Jun,,Jun,162.0,35.89593,-118.94106,Tulare,54,CA,,USW00023155
2019,Lower Fire,46.0,C,,,1.0,Aug,,Aug,225.0,40.46968,-122.54364,Shasta,45,CA,,USW00024257
2019,Paskenta Fire,46.0,C,,,2.0,Jun,,Jun,175.0,39.97083,-122.48277,Tehama,52,CA,,USW00024216
2019,Diversion Fire,45.0,C,,,4.0,May,,Jun,154.0,33.69078,-114.57265,Riverside,33,CA,,USW00023158
2019,Ardo Fire,43.0,C,,,5.0,Jun,,Jun,168.0,35.97059,-120.88241,Monterey,27,CA,,USW00093209
2019,Palisades Fire,42.0,C,,,10.0,Oct,,Oct,304.0,34.055768,-118.554091,Los Angeles,19,CA,,USW00093197
2019,Patterson Fire,35.0,C,,,1.0,Aug,,Aug,228.0,38.652475,-120.826165,El Dorado,9,CA,,USW00023232
2019,Calaveras Fire ,35.0,C,,,7.0,Jun,,Jun,168.0,37.44422,-121.84082,Santa Clara,43,CA,,USW00023293
2019,Yucca Fire,34.0,C,,,1.0,Aug,,Aug,235.0,33.4506,-116.857817,Riverside,33,CA,,USW00053120
2019,Yokohl Fire,33.0,C,,,1.0,Jun,,Jun,155.0,36.23012,-118.85712,Tulare,54,CA,,USW00053119
2019,Ranch Fire,30.0,C,,,1.0,Jul,,Jul,187.0,40.41741,-122.767256,Shasta,45,CA,,USW00024257
2019,Mountain Fire,30.0,C,,,3.0,Jun,,Jun,175.0,37.75427,-121.57382,Alameda,1,CA,,USW00023285
2019,Girasol Fire,30.0,C,,,1.0,Apr,,Apr,100.0,0.0,0.0,Riverside,33,CA,,USW00023154
2019,Pilot Fire,30.0,C,,,14.0,Jan,,Jan,15.0,40.61805556,-123.67555556,Humboldt,12,CA,,USW00024213
2019,Caliente Fire,29.0,C,,,1.0,Aug,,Aug,218.0,35.287373,-118.623651,Kern,15,CA,,USW00023155
2019,Glass Fire,28.0,C,,,1.0,Sep,,Sep,248.0,38.910498,-122.642572,Lake,17,CA,,USW00023213
2019,Otay Fire,28.0,C,,,1.0,Jun,,Jun,181.0,32.62305556,-116.91416667,San Diego,37,CA,,USW00003178
2019,Watt Fire,27.0,C,,,4.0,Jun,,Jun,162.0,38.75263,-121.39259,Placer,31,CA,,USW00023232
2019,Foothill Fire,26.0,C,,,4.0,May,,May,144.0,33.81678,-117.18194,Riverside,33,CA,,USW00003171
2019,Border 10 Fire,25.0,C,,,3.0,Aug,,Aug,240.0,32.557546,-116.873955,San Diego,"62,37",CA,,USW00003178
2019,Bear Fire,25.0,C,,,8.0,Jun,,Jun,162.0,36.14246,-118.80582,Tulare,54,CA,,USW00053119
2019,Nelson Fire ,24.0,C,,,10.0,Jun,,Jun,168.0,38.21416,-122.12214,Solano,48,CA,,USW00093227
2019,Willow Fire,23.0,C,,,5.0,Jun,,Jun,162.0,38.02503,-121.9763,Contra Costa,7,CA,,USW00023254
2019,Border Fire,22.0,C,,,6.0,May,,May,139.0,32.557566,-116.8663,San Diego,37,CA,,USW00003178
2019,Golf Fire,20.0,C,,,3.0,Aug,,Aug,223.0,38.99174,-122.7751,Lake,17,CA,,USW00023275
2019,Del Fire,18.0,C,,,1.0,Oct,,Oct,277.0,37.429506,-121.336465,Stanislaus,50,CA,,USW00023258
2019,Mines Fire,17.0,C,,,1.0,Jun,,Jun,178.0,37.494136,-121.534827,Santa Clara,43,CA,,USW00023285
2019,32 Fire,17.0,C,,,9.0,Jun,,Jun,175.0,39.76242,-121.73659,Butte,4,CA,,USW00024216
2019,Rocky Fire,17.0,C,,,3.0,Jun,,Jun,168.0,41.64895,-122.35962,Siskiyou,47,CA,,USW00024257
2019,Duzel Fire,15.0,C,,,3.0,Sep,,Sep,253.0,41.512917,-122.740333,Siskiyou,47,CA,,USW00024257
2019,Telephone Fire,15.0,C,,,4.0,Sep,,Sep,249.0,34.353667,-117.343833,San Bernardino,36,CA,,USW00003102
2019,Pauma Fire,15.0,C,,,14.0,Jun,,Jun,175.0,33.30267,-116.97772,San Diego,37,CA,,USW00053120
2019,Carson Fire,13.0,C,,,1.0,Jul,,Jul,212.0,38.757636,-120.75664,El Dorado,9,CA,,USW00023225
2019,Beaumont Fire,11.0,C,,,1.0,Oct,,Oct,295.0,34.033117,-117.21545,San Bernardino,36,CA,,USW00003171
2019,Fairmont Fire,10.0,C,,,1.0,Oct,,Oct,289.0,32.762706,-117.097441,San Diego,37,CA,,USW00003131
2019,Inghram Fire,10.0,C,,,1.0,Oct,,Oct,281.0,39.847708,-122.160416,Tehama,52,CA,,USW00024216
2019,IronGate Fire,10.0,C,,,5.0,Jun,,Jun,172.0,41.94622,-122.40157,Siskiyou,47,CA,,USW00024257
2019,Cana Fire,10.0,C,,,8.0,Apr,,May,128.0,39.83958,-121.957,Butte,4,CA,,USW00024216
